-- phpMyAdmin SQL Dump
-- version 5.1.1
-- https://www.phpmyadmin.net/
--
-- Hôte : 127.0.0.1:3306
-- Généré le : ven. 28 juil. 2023 à 17:01
-- Version du serveur : 10.10.3-MariaDB
-- Version de PHP : 7.4.26

SET SQL_MODE = "NO_AUTO_VALUE_ON_ZERO";
START TRANSACTION;
SET time_zone = "+00:00";


/*!40101 SET @OLD_CHARACTER_SET_CLIENT=@@CHARACTER_SET_CLIENT */;
/*!40101 SET @OLD_CHARACTER_SET_RESULTS=@@CHARACTER_SET_RESULTS */;
/*!40101 SET @OLD_COLLATION_CONNECTION=@@COLLATION_CONNECTION */;
/*!40101 SET NAMES utf8mb4 */;

--
-- Base de données : `gestion_commandes`
--

-- --------------------------------------------------------

--
-- Structure de la table `categories`
--

DROP TABLE IF EXISTS `categories`;
CREATE TABLE IF NOT EXISTS `categories` (
  `id` int(9) NOT NULL AUTO_INCREMENT,
  `nom` varchar(100) NOT NULL,
  `statut` int(1) DEFAULT NULL,
  `image` varchar(100) DEFAULT NULL,
  PRIMARY KEY (`id`)
) ENGINE=InnoDB AUTO_INCREMENT=17 DEFAULT CHARSET=utf8mb4 COLLATE=utf8mb4_general_ci;

--
-- Déchargement des données de la table `categories`
--

INSERT INTO `categories` (`id`, `nom`, `statut`, `image`) VALUES
(1, 'Fast-food', 1, '06ee389286e3de96200dcf8f5db65375.png'),
(2, 'Boissons', 1, 'c875f6b26377e49c335a288ea3061f1f.png'),
(3, 'Desserts', 1, 'dfda3c5bde510cbd6d61c86976a08f6d.png'),
(4, 'Desserts', 0, 'd66d418c8e9beb07ff7721944dc3b090.png'),
(11, 'PIZZA', 1, '4033bc893e5a7610122a69c6c37e226b.png'),
(12, 'BURGER', 1, '43f8f59b684ec80db15169f7ce93d707.png'),
(13, 'CHICKEN', 1, '52b8531c7669072620e0a336b8cf8104.png'),
(14, 'COMBO', 1, 'd7057bcb55897b371200d1138a27dac1.png'),
(15, 'DRINKS', 1, '27c3399f480d416722c3318df8de7f3c.png'),
(16, 'FOOD', 1, '8088e425e4ae37fe79690aa0dc870575.png');

-- --------------------------------------------------------

--
-- Structure de la table `clients`
--

DROP TABLE IF EXISTS `clients`;
CREATE TABLE IF NOT EXISTS `clients` (
  `id` int(11) NOT NULL,
  `nom` varchar(100) NOT NULL,
  `prenom` varchar(200) NOT NULL,
  `email` varchar(100) NOT NULL,
  `tel` varchar(100) NOT NULL,
  `password` varchar(100) NOT NULL,
  `created_at` datetime NOT NULL DEFAULT current_timestamp(),
  `updated_at` datetime DEFAULT current_timestamp(),
  `statut` int(1) DEFAULT NULL,
  PRIMARY KEY (`id`)
) ENGINE=InnoDB DEFAULT CHARSET=utf8mb4 COLLATE=utf8mb4_general_ci;

--
-- Déchargement des données de la table `clients`
--

INSERT INTO `clients` (`id`, `nom`, `prenom`, `email`, `tel`, `password`, `created_at`, `updated_at`, `statut`) VALUES
(2, 'Clémence Roux', 'Marques', 'ralbert@thierry.fr', '20661212', 'k\"wF@2z#8g%.', '2023-07-06 00:00:00', '2015-10-21 00:00:00', 1),
(3, 'Alain de la Besnard', 'Marchal', 'smarchand@yahoo.fr', '12470327', 'rEf1oP', '2023-07-06 00:00:00', '1998-06-17 00:00:00', 1),
(4, 'Philippe-Philippe Louis', 'Verdier', 'andree84@hotmail.fr', '70426885', 'IZ=.S*V1', '2023-07-06 00:00:00', '2019-02-21 00:00:00', 1),
(5, 'Bertrand Le Guibert', 'Marie', 'inavarro@tessier.fr', '04468943', 'Wvr\\<?@z45Ox=Fq\\L', '2023-07-06 00:00:00', '1996-10-18 00:00:00', 1),
(7, 'Étienne-Arthur Raynaud', 'Da Costa', 'adrienne66@tele2.fr', '36853465', 'eQ`Z9~', '2023-07-06 00:00:00', '2022-05-01 00:00:00', 1),
(8, 'Aurore Bousquet', 'Cordier', 'joseph13@wanadoo.fr', '95570853', '=4z\';;`\\&\\{u(3:0M', '2023-07-06 00:00:00', '2004-10-28 00:00:00', 1),
(9, 'Christophe Denis', 'Rousseau', 'gmaillot@orange.fr', '83962738', '\"=UI,}{6U&NgGh~N', '2023-07-06 00:00:00', '2018-03-14 00:00:00', 1),
(10, 'Étienne Navarro', 'Masson', 'zpetit@renard.fr', '53590435', 'i#)I#ERCWC5Z]?!SI,', '2023-07-06 00:00:00', '1980-11-08 00:00:00', 1),
(11, 'Marcelle de la Rousset', 'Blanchard', 'maury.jean@dbmail.com', '93664707', ':19cht\\', '2023-07-06 00:00:00', '2002-11-11 00:00:00', 1),
(12, 'Auguste-Antoine Gaillard', 'Marques', 'ybrunel@dbmail.com', '40918396', 'dD4Zy>I}..FG3Q-am', '2023-07-06 00:00:00', '1974-01-08 00:00:00', 1),
(13, 'Louis Ramos', 'Maillot', 'manon08@orange.fr', '90508806', '+FAtB{V~Oh5^', '2023-07-06 00:00:00', '2005-06-18 00:00:00', 1),
(14, 'Nath Jean', 'Lemaitre', 'zthierry@tele2.fr', '30845336', 'NGKdVnHg<a:P=nH:l-wz', '2023-07-06 00:00:00', '1975-09-19 00:00:00', 1),
(15, 'Martine Lacroix', 'Chartier', 'caroline37@club-internet.fr', '53154842', 'ewIItnq;YODbG', '2023-07-06 00:00:00', '1990-07-20 00:00:00', 1),
(16, 'Emmanuelle Morel', 'Caron', 'raymond11@lacroix.com', '76301933', '(DiT=rZAV)fyURT_os', '2023-07-06 00:00:00', '1991-02-01 00:00:00', 1),
(17, 'Guy Chauveau', 'Martins', 'anne74@dbmail.com', '57866246', '4**[<mR&H.', '2023-07-06 00:00:00', '1972-06-07 00:00:00', 1),
(18, 'Patrick-Édouard Hernandez', 'Lamy', 'michaud.philippe@yahoo.fr', '93157599', '*\'`\\m._+t', '2023-07-06 00:00:00', '1998-06-30 00:00:00', 1),
(19, 'Alain de Moreno', 'Alves', 'gay.susanne@gautier.fr', '72001943', 'v#^]1\\CET22!(', '2023-07-06 00:00:00', '1970-02-07 00:00:00', 1),
(20, 'Auguste-Roger Gilles', 'Blot', 'olivie65@lopez.fr', '11282099', 'EgSD&D', '2023-07-06 00:00:00', '1996-09-27 00:00:00', 1);

-- --------------------------------------------------------

--
-- Structure de la table `commandes`
--

DROP TABLE IF EXISTS `commandes`;
CREATE TABLE IF NOT EXISTS `commandes` (
  `id` int(9) NOT NULL AUTO_INCREMENT,
  `numero` varchar(30) NOT NULL,
  `adresse` varchar(200) NOT NULL,
  `statut` varchar(50) NOT NULL,
  `created_at` datetime NOT NULL DEFAULT current_timestamp(),
  `updated_at` datetime DEFAULT current_timestamp(),
  `client_id` int(11) NOT NULL,
  `livreur_id` int(9) NOT NULL,
  PRIMARY KEY (`id`),
  KEY `client_id` (`client_id`),
  KEY `livreur_id` (`livreur_id`)
) ENGINE=InnoDB AUTO_INCREMENT=1001 DEFAULT CHARSET=utf8mb4 COLLATE=utf8mb4_general_ci;

--
-- Déchargement des données de la table `commandes`
--

INSERT INTO `commandes` (`id`, `numero`, `adresse`, `statut`, `created_at`, `updated_at`, `client_id`, `livreur_id`) VALUES
(1, '0723-000001', '91, rue Carlier\n95 175 Barbierdan', 'passer', '2023-07-11 09:18:44', '2023-07-12 11:17:12', 14, 2),
(2, '0723-000002', 'boulevard Richard Ribeiro\n71 566 Richard', 'livrer', '2023-07-11 09:18:44', '2023-07-12 11:17:12', 17, 3),
(3, '0723-000003', '98, boulevard Aurélie Thierry\n25 345 Goncalves-la-Forêt', 'passer', '2023-07-11 09:18:44', '2023-07-12 11:17:12', 9, 4),
(4, '0723-000004', '9, boulevard Étienne Delorme\n61 852 Goncalves', 'traiter', '2023-07-11 09:18:44', '2023-07-12 11:17:12', 11, 4),
(5, '0723-000005', '47, rue de Benard\n52811 RousselVille', 'annuler', '2023-07-11 09:18:44', '2023-07-12 11:17:12', 7, 3),
(6, '0723-000006', '23, rue Chauvin\n44 275 Lefort', 'annuler', '2023-07-11 09:18:44', '2023-07-12 11:17:12', 7, 4),
(7, '0723-000007', '6, impasse Allard\n91038 Deschamps', 'annuler', '2023-07-10 09:23:10', '2023-07-12 11:17:12', 9, 4),
(8, '0723-000008', '2, chemin de Masson\n53310 Rousseau', 'livraison', '2023-07-11 09:18:44', '2023-07-12 11:17:12', 12, 3),
(9, '0723-000009', '45, impasse Sabine Pages\n39524 Didier', 'passer', '2023-07-11 09:18:44', '2023-07-12 11:17:12', 18, 3),
(10, '0723-000010', '226, boulevard Toussaint\n02 540 Marie', 'livraison', '2023-07-11 09:18:44', '2023-07-12 11:17:12', 19, 2),
(11, '0723-000011', '20, avenue Lucas Guilbert\n33143 Barbe-sur-Masson', 'passer', '2023-07-11 09:18:44', '2023-07-12 11:17:12', 12, 2),
(12, '0723-000012', '7, rue Laure Fouquet\n19104 Martinezdan', 'traiter', '2023-07-11 09:18:44', '2023-07-12 11:17:12', 13, 2),
(13, '0723-000013', '5, chemin Marguerite Traore\n22 140 Ramosnec', 'livraison', '2023-07-11 09:18:44', '2023-07-12 11:17:12', 13, 4),
(14, '0723-000014', '42, rue Georges Olivier\n40 510 Rousset', 'traiter', '2023-07-11 09:18:44', '2023-07-12 11:17:12', 11, 3),
(15, '0723-000015', '2, boulevard Blin\n31 515 Fernandes-sur-Olivier', 'annuler', '2023-07-11 09:18:44', '2023-07-12 11:17:12', 8, 4),
(16, '0723-000016', '68, rue Boucher\n48793 De Sousa', 'passer', '2023-07-11 09:18:44', '2023-07-12 11:17:12', 11, 3),
(17, '0723-000017', '1, avenue Pierre\n43650 Gaillard', 'annuler', '2023-07-11 09:18:44', '2023-07-12 11:17:12', 17, 2),
(18, '0723-000018', '77, rue Adrienne Leduc\n25 782 Rolland-sur-Legendre', 'traiter', '2023-07-11 09:18:44', '2023-07-12 11:17:12', 17, 3),
(19, '0723-000019', '6, rue de Guyon\n12766 Richard-sur-Imbert', 'livraison', '2023-07-11 09:18:44', '2023-07-12 11:17:12', 12, 4),
(20, '0723-000020', '6, rue Aurélie Boyer\n75 087 Breton', 'livrer', '2023-07-11 09:18:44', '2023-07-12 11:17:12', 11, 2),
(21, '0723-000021', 'impasse de Leclercq\n56568 Hoarauboeuf', 'livraison', '2023-07-11 09:18:44', '2023-07-11 09:18:44', 12, 3),
(22, '0723-000022', 'boulevard de Sanchez\n70703 Masson-sur-Chauvin', 'traiter', '2023-07-11 09:18:44', '2023-07-11 09:18:44', 11, 3),
(23, '0723-000023', 'chemin Marchal\n43 901 Breton', 'annuler', '2023-07-11 09:18:44', '2023-07-11 09:18:44', 7, 4),
(24, '0723-000024', 'rue Frédéric Leleu\n42462 Bernard', 'traiter', '2023-07-11 09:18:44', '2023-07-11 09:18:44', 18, 3),
(25, '0723-000025', '41, rue Timothée Jacques\n02511 Etienne', 'traiter', '2023-07-11 09:18:44', '2023-07-11 09:18:44', 16, 4),
(26, '0723-000026', '78, rue Lagarde\n07680 Colin', 'traiter', '2023-07-11 09:18:44', '2023-07-11 09:18:44', 8, 2),
(27, '0723-000027', 'chemin de Fischer\n44 871 Ramos-les-Bains', 'traiter', '2023-07-11 09:18:44', '2023-07-11 09:18:44', 13, 3),
(28, '0723-000028', '85, rue de Poulain\n04 193 Berthelot-la-Forêt', 'livraison', '2023-07-11 09:18:44', '2023-07-11 09:18:44', 18, 3),
(29, '0723-000029', '6, place de Bouchet\n48 005 Vallee-sur-Rousseau', 'traiter', '2023-07-11 09:18:44', '2023-07-11 09:18:44', 9, 4),
(30, '0723-000030', '77, avenue Marechal\n14 646 VerdierVille', 'passer', '2023-07-11 09:18:44', '2023-07-11 09:18:44', 17, 2),
(31, '0723-000031', '4, impasse Daniel Carre\n53079 Gallet', 'passer', '2023-07-11 09:18:44', '2023-07-11 09:18:44', 7, 3),
(32, '0723-000032', '147, boulevard de Vincent\n34791 Clement', 'annuler', '2023-07-11 09:18:44', '2023-07-11 09:18:44', 15, 3),
(33, '0723-000033', '72, avenue François Petit\n78 465 Gay-la-Forêt', 'livraison', '2023-07-11 09:18:44', '2023-07-11 09:18:44', 8, 4),
(34, '0723-000034', '64, chemin de Carre\n93 590 Bertin', 'annuler', '2023-07-11 09:18:44', '2023-07-11 09:18:44', 19, 2),
(35, '0723-000035', 'avenue Bernard\n16 243 Pascal', 'livraison', '2023-07-11 09:18:44', '2023-07-11 09:18:44', 18, 2),
(36, '0723-000036', '25, impasse de Buisson\n22961 Thibault', 'livraison', '2023-07-11 09:18:44', '2023-07-11 09:18:44', 11, 4),
(37, '0723-000037', '591, impasse Bouvet\n72113 Leduc', 'livraison', '2023-07-11 09:18:44', '2023-07-11 09:18:44', 11, 4),
(38, '0723-000038', 'avenue Antoinette Cousin\n27743 Baron', 'traiter', '2023-07-11 09:18:44', '2023-07-11 09:18:44', 13, 4),
(39, '0723-000039', '36, boulevard Christophe Evrard\n85477 Barbe', 'livraison', '2023-07-11 09:18:44', '2023-07-11 09:18:44', 11, 4),
(40, '0723-000040', '25, chemin de Begue\n05812 Parisboeuf', 'annuler', '2023-07-11 09:18:44', '2023-07-11 09:18:44', 13, 4),
(41, '0723-000041', '92, rue Antoine Jourdan\n32 143 Laine', 'traiter', '2023-07-11 09:18:44', '2023-07-11 09:18:44', 17, 3),
(42, '0723-000042', '63, place Fischer\n93552 Pinto-sur-Mer', 'annuler', '2023-07-11 09:18:44', '2023-07-11 09:18:44', 9, 4),
(43, '0723-000043', '67, avenue Inès Hebert\n99 989 Weiss', 'annuler', '2023-07-11 09:18:44', '2023-07-11 09:18:44', 13, 4),
(44, '0723-000044', '53, avenue Caroline Legrand\n63 080 Benoit', 'traiter', '2023-07-11 09:18:44', '2023-07-11 09:18:44', 9, 2),
(45, '0723-000045', '823, chemin Marcelle Dos Santos\n22 228 Hoareau-les-Bains', 'annuler', '2023-07-11 09:18:44', '2023-07-11 09:18:44', 18, 2),
(46, '0723-000046', '86, boulevard de Gillet\n94 384 Robindan', 'annuler', '2023-07-11 09:18:44', '2023-07-11 09:18:44', 16, 4),
(47, '0723-000047', '2, avenue Odette Perrot\n59 661 Danielnec', 'livraison', '2023-07-11 09:18:44', '2023-07-11 09:18:44', 10, 3),
(48, '0723-000048', '85, place Bernard\n09580 Joubert', 'traiter', '2023-07-11 09:18:44', '2023-07-11 09:18:44', 8, 3),
(49, '0723-000049', '135, rue Aimé Bouvier\n71686 Danielnec', 'passer', '2023-07-11 09:18:44', '2023-07-11 09:18:44', 13, 2),
(50, '0723-000050', 'boulevard Valette\n40 006 Fontaine', 'livrer', '2023-07-11 09:18:44', '2023-07-11 09:18:44', 10, 4),
(51, '0723-000051', '32, boulevard de Guyot\n79026 Devaux', 'passer', '2023-07-11 09:18:44', '2023-07-11 09:18:44', 11, 3),
(52, '0723-000052', '85, rue Emmanuelle Pascal\n18849 Marindan', 'livrer', '2023-07-11 09:18:44', '2023-07-11 09:18:44', 14, 2),
(53, '0723-000053', '64, boulevard de Pineau\n15 486 Monnier-sur-Grenier', 'passer', '2023-07-11 09:18:44', '2023-07-11 09:18:44', 11, 4),
(54, '0723-000054', '21, place de Gaudin\n37450 Blin', 'annuler', '2023-07-11 09:18:44', '2023-07-11 09:18:44', 10, 4),
(55, '0723-000055', '54, place de Launay\n76 114 Grondin', 'livrer', '2023-07-11 09:18:44', '2023-07-11 09:18:44', 10, 3),
(56, '0723-000056', '40, avenue Marc Le Roux\n07676 Normand', 'traiter', '2023-07-11 09:18:44', '2023-07-11 09:18:44', 16, 2),
(57, '0723-000057', '84, chemin Adèle Roger\n32471 Raymond', 'livraison', '2023-07-11 09:18:44', '2023-07-11 09:18:44', 12, 4),
(58, '0723-000058', 'boulevard de Guillaume\n81 440 Sauvage', 'livrer', '2023-07-11 09:18:44', '2023-07-11 09:18:44', 9, 4),
(59, '0723-000059', 'place de Salmon\n88 484 Coste', 'livrer', '2023-07-11 09:18:44', '2023-07-11 09:18:44', 13, 2),
(60, '0723-000060', '54, boulevard Xavier Perrin\n82 946 Picard', 'passer', '2023-07-11 09:18:44', '2023-07-11 09:18:44', 15, 4),
(61, '0723-000061', '4, impasse de Rocher\n30546 Remy', 'traiter', '2023-07-11 09:18:44', '2023-07-11 09:18:44', 19, 3),
(62, '0723-000062', '14, rue Martineau\n06049 Delannoy', 'livrer', '2023-07-11 09:18:44', '2023-07-11 09:18:44', 17, 4),
(63, '0723-000063', '23, chemin de Boulay\n68 993 Guerin', 'annuler', '2023-07-11 09:18:44', '2023-07-11 09:18:44', 14, 3),
(64, '0723-000064', '36, rue de Carpentier\n73608 Besnard', 'annuler', '2023-07-11 09:18:44', '2023-07-11 09:18:44', 9, 2),
(65, '0723-000065', '3, impasse Augustin Dias\n14486 Gomes', 'livrer', '2023-07-11 09:18:44', '2023-07-11 09:18:44', 7, 2),
(66, '0723-000066', '50, rue Charles Collet\n90 855 Lemoine-les-Bains', 'annuler', '2023-07-11 09:18:44', '2023-07-11 09:18:44', 10, 2),
(67, '0723-000067', '88, rue Olivie Payet\n34927 Monnier-la-Forêt', 'livrer', '2023-07-11 09:18:44', '2023-07-11 09:18:44', 8, 2),
(68, '0723-000068', '474, place Léon Laine\n94 357 RegnierBourg', 'traiter', '2023-07-11 09:18:44', '2023-07-11 09:18:44', 8, 2),
(69, '0723-000069', '5, rue Alix Menard\n02382 Richard-les-Bains', 'livrer', '2023-07-11 09:18:44', '2023-07-11 09:18:44', 13, 4),
(70, '0723-000070', '253, boulevard de Guyot\n86 202 Gaillard-les-Bains', 'livrer', '2023-07-11 09:18:44', '2023-07-11 09:18:44', 15, 4),
(71, '0723-000071', 'place Briand\n56 337 Alves', 'traiter', '2023-07-11 09:18:44', '2023-07-11 09:18:44', 17, 2),
(72, '0723-000072', '56, boulevard Brunel\n37380 Brun', 'annuler', '2023-07-11 09:18:44', '2023-07-11 09:18:44', 15, 2),
(73, '0723-000073', 'impasse Thierry Gaudin\n62 690 Blanchard', 'passer', '2023-07-11 09:18:44', '2023-07-11 09:18:44', 19, 3),
(74, '0723-000074', '79, boulevard Colette Teixeira\n63 476 Barthelemy', 'traiter', '2023-07-11 09:18:44', '2023-07-11 09:18:44', 12, 4),
(75, '0723-000075', '44, place Bailly\n72 576 Delahaye', 'passer', '2023-07-11 09:18:44', '2023-07-11 09:18:44', 17, 4),
(76, '0723-000076', '906, boulevard Millet\n86 545 Etienne', 'passer', '2023-07-11 09:18:44', '2023-07-11 09:18:44', 14, 4),
(77, '0723-000077', '349, chemin de Mace\n75832 Gerard-les-Bains', 'annuler', '2023-07-11 09:18:44', '2023-07-11 09:18:44', 12, 3),
(78, '0723-000078', '3, chemin Hoareau\n41410 Blanchet', 'livraison', '2023-07-11 09:18:44', '2023-07-11 09:18:44', 8, 2),
(79, '0723-000079', '69, rue Lucas Breton\n56229 David', 'livrer', '2023-07-11 09:18:44', '2023-07-11 09:18:44', 10, 2),
(80, '0723-000080', '76, rue Laine\n81 409 Chauveau-les-Bains', 'passer', '2023-07-11 09:18:44', '2023-07-11 09:18:44', 17, 3),
(81, '0723-000081', '90, rue Garcia\n46701 Dias', 'livraison', '2023-07-11 09:18:44', '2023-07-11 09:18:44', 18, 3),
(82, '0723-000082', '48, chemin de Robin\n66 681 Paris', 'traiter', '2023-07-11 09:18:44', '2023-07-11 09:18:44', 9, 4),
(83, '0723-000083', 'place de Bertin\n21 236 Pichon', 'passer', '2023-07-11 09:18:44', '2023-07-11 09:18:44', 10, 2),
(84, '0723-000084', '6, avenue Benard\n89412 Besnard', 'livraison', '2023-07-11 09:18:44', '2023-07-11 09:18:44', 18, 2),
(85, '0723-000085', '95, chemin Colette Coulon\n22938 Carpentier', 'passer', '2023-07-11 09:18:44', '2023-07-11 09:18:44', 7, 4),
(86, '0723-000086', '8, rue de Blondel\n18 269 Boucher', 'annuler', '2023-07-11 09:18:44', '2023-07-11 09:18:44', 19, 3),
(87, '0723-000087', 'avenue Michelle Chauveau\n89 499 Brunet', 'livraison', '2023-07-11 09:18:44', '2023-07-11 09:18:44', 8, 3),
(88, '0723-000088', '59, avenue Roger Meyer\n77 834 Leconteboeuf', 'annuler', '2023-07-11 09:18:44', '2023-07-11 09:18:44', 11, 3),
(89, '0723-000089', '8, rue de Poirier\n68 570 Boutin-sur-Mer', 'livrer', '2023-07-11 09:18:44', '2023-07-11 09:18:44', 16, 4),
(90, '0723-000090', '73, boulevard Vallee\n02534 Brunet-les-Bains', 'livrer', '2023-07-11 09:18:44', '2023-07-11 09:18:44', 18, 2),
(91, '0723-000091', '81, impasse Gerard\n72 594 Salmon', 'traiter', '2023-07-11 09:18:44', '2023-07-11 09:18:44', 18, 4),
(92, '0723-000092', '65, rue Vincent Grenier\n37 783 Nguyen-sur-Marques', 'annuler', '2023-07-11 09:18:44', '2023-07-11 09:18:44', 17, 4),
(93, '0723-000093', '52, boulevard Gilles Besnard\n50903 De Sousa', 'annuler', '2023-07-11 09:18:44', '2023-07-11 09:18:44', 13, 3),
(94, '0723-000094', '194, boulevard Paulette Leduc\n84370 MeunierVille', 'annuler', '2023-07-11 09:18:44', '2023-07-11 09:18:44', 11, 4),
(95, '0723-000095', '35, boulevard Marchal\n58194 Grondinboeuf', 'livraison', '2023-07-11 09:18:44', '2023-07-11 09:18:44', 9, 3),
(96, '0723-000096', 'place de Toussaint\n46815 GermainVille', 'livraison', '2023-07-11 09:18:44', '2023-07-11 09:18:44', 19, 2),
(97, '0723-000097', '79, avenue de Rodrigues\n28 509 Weissdan', 'passer', '2023-07-11 09:18:44', '2023-07-11 09:18:44', 9, 2),
(98, '0723-000098', '10, boulevard de Normand\n95 187 Gaudin', 'annuler', '2023-07-11 09:18:44', '2023-07-11 09:18:44', 10, 2),
(99, '0723-000099', '43, rue Marine Adam\n39 586 Carlier-sur-Goncalves', 'passer', '2023-07-11 09:18:44', '2023-07-11 09:18:44', 7, 3),
(100, '0723-000100', '768, avenue Peltier\n60 771 Toussaint-sur-Bernard', 'annuler', '2023-07-11 09:18:44', '2023-07-11 09:18:44', 9, 4),
(101, '0723-000101', '4, chemin Leleu\n13 288 Gomeznec', 'annuler', '2023-07-11 09:18:44', '2023-07-11 09:18:44', 19, 2),
(102, '0723-000102', '7, impasse de Grondin\n23869 Merle', 'livraison', '2023-07-11 09:18:44', '2023-07-11 09:18:44', 14, 2),
(103, '0723-000103', '82, impasse de Costa\n58789 Pascal', 'passer', '2023-07-11 09:18:44', '2023-07-11 09:18:44', 13, 4),
(104, '0723-000104', '82, impasse Martineau\n63073 Blin', 'passer', '2023-07-11 09:18:44', '2023-07-11 09:18:44', 10, 3),
(105, '0723-000105', '4, place Perrin\n98356 Diazdan', 'passer', '2023-07-11 09:18:44', '2023-07-11 09:18:44', 15, 4),
(106, '0723-000106', 'chemin Leleu\n37973 Vincent', 'annuler', '2023-07-11 09:18:44', '2023-07-11 09:18:44', 10, 2),
(107, '0723-000107', '29, rue Colas\n41211 Diallo', 'passer', '2023-07-11 09:18:44', '2023-07-11 09:18:44', 17, 4),
(108, '0723-000108', '43, rue de Courtois\n81618 Blin-la-Forêt', 'livrer', '2023-07-11 09:18:44', '2023-07-11 09:18:44', 14, 4),
(109, '0723-000109', '87, place Philippe Bonneau\n25 171 Rodriguezboeuf', 'annuler', '2023-07-11 09:18:44', '2023-07-11 09:18:44', 12, 4),
(110, '0723-000110', '637, rue Maryse Gauthier\n90582 Muller-sur-Jean', 'traiter', '2023-07-11 09:18:44', '2023-07-11 09:18:44', 17, 2),
(111, '0723-000111', '7, chemin de Dupuy\n51 417 Paris', 'annuler', '2023-07-11 09:18:44', '2023-07-11 09:18:44', 18, 4),
(112, '0723-000112', '70, boulevard Diane Langlois\n86563 Muller', 'traiter', '2023-07-11 09:18:44', '2023-07-11 09:18:44', 11, 3),
(113, '0723-000113', '96, rue Stéphanie Goncalves\n48 487 CoulonVille', 'passer', '2023-07-11 09:18:44', '2023-07-11 09:18:44', 10, 2),
(114, '0723-000114', 'chemin de Michel\n98 139 Maurice-les-Bains', 'traiter', '2023-07-11 09:18:44', '2023-07-11 09:18:44', 8, 2),
(115, '0723-000115', '62, place Maillard\n34826 Payet-sur-Mer', 'passer', '2023-07-11 09:18:44', '2023-07-11 09:18:44', 12, 2),
(116, '0723-000116', '2, place Albert\n43430 Lacombedan', 'livrer', '2023-07-11 09:18:44', '2023-07-11 09:18:44', 10, 2),
(117, '0723-000117', '63, rue de Techer\n77025 Chauvet', 'livrer', '2023-07-11 09:18:44', '2023-07-11 09:18:44', 12, 4),
(118, '0723-000118', '29, rue de Blot\n03 495 Francois', 'annuler', '2023-07-11 09:18:44', '2023-07-11 09:18:44', 18, 4),
(119, '0723-000119', '67, avenue Michel\n02 823 Raynaud', 'livrer', '2023-07-11 09:18:44', '2023-07-11 09:18:44', 9, 4),
(120, '0723-000120', 'avenue Françoise Goncalves\n42 885 Lamy', 'traiter', '2023-07-11 09:18:44', '2023-07-11 09:18:44', 12, 2),
(121, '0723-000121', '72, rue Bonnet\n00 436 Gaudin', 'passer', '2023-07-11 09:18:44', '2023-07-11 09:18:44', 16, 4),
(122, '0723-000122', '2, avenue de Maurice\n04599 Barbe', 'annuler', '2023-07-11 09:18:44', '2023-07-11 09:18:44', 17, 4),
(123, '0723-000123', '45, rue de Arnaud\n05 217 Deschamps-les-Bains', 'passer', '2023-07-11 09:18:44', '2023-07-11 09:18:44', 18, 2),
(124, '0723-000124', '55, avenue Boucher\n15626 LecomteVille', 'livraison', '2023-07-11 09:18:44', '2023-07-11 09:18:44', 9, 2),
(125, '0723-000125', 'rue de Guibert\n85969 Menard-sur-Potier', 'livraison', '2023-07-11 09:18:44', '2023-07-11 09:18:44', 18, 3),
(126, '0723-000126', '74, impasse de Marechal\n25 957 Cohendan', 'traiter', '2023-07-11 09:18:44', '2023-07-11 09:18:44', 17, 2),
(127, '0723-000127', 'chemin de Torres\n18 636 MartyVille', 'livraison', '2023-07-11 09:18:44', '2023-07-11 09:18:44', 7, 4),
(128, '0723-000128', 'rue Susanne Roux\n87 984 PeronBourg', 'passer', '2023-07-11 09:18:44', '2023-07-11 09:18:44', 8, 3),
(129, '0723-000129', '318, impasse de Boucher\n49363 Boucher-sur-Guillou', 'annuler', '2023-07-11 09:18:44', '2023-07-11 09:18:44', 16, 2),
(130, '0723-000130', 'place Mallet\n23 079 Delannoy', 'annuler', '2023-07-11 09:18:44', '2023-07-11 09:18:44', 10, 4),
(131, '0723-000131', '200, avenue Jérôme Leroy\n44 920 Jourdan', 'livraison', '2023-07-11 09:18:44', '2023-07-11 09:18:44', 9, 3),
(132, '0723-000132', '69, chemin Franck Marin\n30 473 Olivier', 'livrer', '2023-07-11 09:18:44', '2023-07-11 09:18:44', 14, 3),
(133, '0723-000133', '25, rue Pichon\n64751 Maillard-la-Forêt', 'livraison', '2023-07-11 09:18:44', '2023-07-11 09:18:44', 7, 2),
(134, '0723-000134', '24, impasse Marechal\n45506 Pinto', 'livrer', '2023-07-11 09:18:44', '2023-07-11 09:18:44', 14, 4),
(135, '0723-000135', '5, place de Fontaine\n88683 Seguin', 'livraison', '2023-07-11 09:18:44', '2023-07-11 09:18:44', 19, 3),
(136, '0723-000136', '3, rue de Picard\n79301 Gaudin', 'traiter', '2023-07-11 09:18:44', '2023-07-11 09:18:44', 12, 3),
(137, '0723-000137', '61, boulevard Rolland\n59 342 Thomas', 'livraison', '2023-07-11 09:18:44', '2023-07-11 09:18:44', 10, 4),
(138, '0723-000138', '4, rue Verdier\n36711 Lacombe', 'annuler', '2023-07-11 09:18:44', '2023-07-11 09:18:44', 17, 3),
(139, '0723-000139', '4, boulevard Blanc\n35164 Lebrun', 'passer', '2023-07-11 09:18:44', '2023-07-11 09:18:44', 14, 4),
(140, '0723-000140', 'chemin Lemaitre\n55957 DurandVille', 'traiter', '2023-07-11 09:18:44', '2023-07-11 09:18:44', 14, 2),
(141, '0723-000141', '88, chemin Blondel\n96 027 Weiss-sur-Hamon', 'livraison', '2023-07-11 09:18:44', '2023-07-11 09:18:44', 10, 4),
(142, '0723-000142', '63, impasse Meyer\n08 316 Regnierdan', 'livraison', '2023-07-11 09:18:44', '2023-07-11 09:18:44', 16, 3),
(143, '0723-000143', '863, boulevard Noël Lefevre\n00304 Jourdan', 'annuler', '2023-07-11 09:18:44', '2023-07-11 09:18:44', 18, 3),
(144, '0723-000144', '6, rue Hoarau\n35 686 Techer', 'livraison', '2023-07-11 09:18:44', '2023-07-11 09:18:44', 13, 4),
(145, '0723-000145', '5, rue Henri Pages\n62 308 Gosselin', 'livraison', '2023-07-11 09:18:44', '2023-07-11 09:18:44', 17, 4),
(146, '0723-000146', '21, avenue Alex Chretien\n73 384 Jacquetboeuf', 'passer', '2023-07-11 09:18:44', '2023-07-11 09:18:44', 14, 3),
(147, '0723-000147', '20, boulevard Dominique Gay\n29 327 Lemaitre', 'livrer', '2023-07-11 09:18:44', '2023-07-11 09:18:44', 15, 4),
(148, '0723-000148', '9, chemin Henriette Moreau\n55343 Bouvet', 'passer', '2023-07-11 09:18:44', '2023-07-11 09:18:44', 13, 2),
(149, '0723-000149', 'place Durand\n91 786 Renaultnec', 'annuler', '2023-07-11 09:18:44', '2023-07-11 09:18:44', 18, 3),
(150, '0723-000150', '98, place de Ferrand\n52115 Mary-sur-Gilbert', 'traiter', '2023-07-11 09:18:44', '2023-07-11 09:18:44', 13, 4),
(151, '0723-000151', '126, rue de Cohen\n75 833 Picardboeuf', 'livrer', '2023-07-11 09:18:44', '2023-07-11 09:18:44', 9, 2),
(152, '0723-000152', 'place de Bertrand\n99973 Charrier', 'passer', '2023-07-11 09:18:44', '2023-07-11 09:18:44', 18, 2),
(153, '0723-000153', '37, avenue Lemonnier\n20847 Tanguy', 'annuler', '2023-07-11 09:18:44', '2023-07-11 09:18:44', 11, 3),
(154, '0723-000154', '74, impasse de Charpentier\n22153 Garcia', 'livraison', '2023-07-11 09:18:44', '2023-07-11 09:18:44', 11, 4),
(155, '0723-000155', '86, rue Roland Mace\n14509 Marty', 'livraison', '2023-07-11 09:18:44', '2023-07-11 09:18:44', 9, 3),
(156, '0723-000156', '599, place Adrien Pereira\n03 871 Dijoux', 'annuler', '2023-07-11 09:18:44', '2023-07-11 09:18:44', 19, 2),
(157, '0723-000157', '18, rue de Roche\n62 806 DelahayeBourg', 'livraison', '2023-07-11 09:18:44', '2023-07-11 09:18:44', 16, 4),
(158, '0723-000158', '64, rue de Deschamps\n48640 Nicolas-sur-Mer', 'traiter', '2023-07-11 09:18:44', '2023-07-11 09:18:44', 13, 2),
(159, '0723-000159', '86, place Martin Germain\n96 104 Olivier', 'annuler', '2023-07-11 09:18:44', '2023-07-11 09:18:44', 15, 4),
(160, '0723-000160', 'place de Petit\n89843 Guerin-sur-Mer', 'passer', '2023-07-11 09:18:44', '2023-07-11 09:18:44', 15, 3),
(161, '0723-000161', '38, place de Garcia\n29021 Blanc', 'livrer', '2023-07-11 09:18:44', '2023-07-11 09:18:44', 7, 2),
(162, '0723-000162', '16, place Daniel Roger\n59 785 Leleu-les-Bains', 'traiter', '2023-07-11 09:18:44', '2023-07-11 09:18:44', 8, 4),
(163, '0723-000163', '86, avenue Chantal Deschamps\n21035 VincentVille', 'livrer', '2023-07-11 09:18:44', '2023-07-11 09:18:44', 7, 3),
(164, '0723-000164', '14, rue Stéphanie Laroche\n08522 Lamy', 'livraison', '2023-07-11 09:18:44', '2023-07-11 09:18:44', 11, 4),
(165, '0723-000165', '657, place Bertrand\n84349 Hamel', 'annuler', '2023-07-11 09:18:44', '2023-07-11 09:18:44', 17, 3),
(166, '0723-000166', '4, chemin Augustin Vallee\n06 207 Brun-sur-Mer', 'annuler', '2023-07-11 09:18:44', '2023-07-11 09:18:44', 13, 4),
(167, '0723-000167', 'boulevard Christelle Olivier\n58 285 Giraud', 'livraison', '2023-07-11 09:18:44', '2023-07-11 09:18:44', 8, 2),
(168, '0723-000168', '78, boulevard de Blanchet\n54117 Boyer-sur-Thierry', 'livrer', '2023-07-11 09:18:44', '2023-07-11 09:18:44', 18, 4),
(169, '0723-000169', '76, rue Marechal\n99218 Lejeunedan', 'livrer', '2023-07-11 09:18:44', '2023-07-11 09:18:44', 16, 3),
(170, '0723-000170', 'impasse Lebreton\n33 847 Richard', 'livrer', '2023-07-11 09:18:44', '2023-07-11 09:18:44', 16, 3),
(171, '0723-000171', '774, impasse Jacques\n02 461 Torres', 'passer', '2023-07-11 09:18:44', '2023-07-11 09:18:44', 17, 3),
(172, '0723-000172', 'chemin Georges Collet\n12 983 Girard', 'annuler', '2023-07-11 09:18:44', '2023-07-11 09:18:44', 9, 3),
(173, '0723-000173', '53, rue de Jacquot\n42 966 Millet-sur-Masse', 'traiter', '2023-07-11 09:18:44', '2023-07-11 09:18:44', 11, 3),
(174, '0723-000174', 'chemin Élodie Pinto\n92376 Prevost', 'traiter', '2023-07-11 09:18:44', '2023-07-11 09:18:44', 14, 2),
(175, '0723-000175', '990, rue Frédéric Dufour\n40861 HoareauVille', 'passer', '2023-07-11 09:18:44', '2023-07-11 09:18:44', 8, 2),
(176, '0723-000176', '79, avenue de Morvan\n70383 Briand', 'livrer', '2023-07-11 09:18:44', '2023-07-11 09:18:44', 17, 3),
(177, '0723-000177', '80, rue de Bruneau\n27 290 Seguinnec', 'passer', '2023-07-11 09:18:44', '2023-07-11 09:18:44', 13, 4),
(178, '0723-000178', '148, boulevard de Didier\n78751 Gomesdan', 'livrer', '2023-07-11 09:18:44', '2023-07-11 09:18:44', 19, 4),
(179, '0723-000179', 'avenue Courtois\n57862 Besnard', 'livraison', '2023-07-11 09:18:44', '2023-07-11 09:18:44', 8, 3),
(180, '0723-000180', '501, avenue Suzanne Coulon\n63 108 Paul-sur-Faure', 'annuler', '2023-07-11 09:18:44', '2023-07-11 09:18:44', 8, 2),
(181, '0723-000181', '484, avenue de Carlier\n14 498 Pichon', 'livraison', '2023-07-11 09:18:44', '2023-07-11 09:18:44', 18, 2),
(182, '0723-000182', '767, avenue Evrard\n42 582 Lopes', 'livraison', '2023-07-11 09:18:44', '2023-07-11 09:18:44', 18, 2),
(183, '0723-000183', '95, rue Océane Rousset\n52614 Marion-la-Forêt', 'livrer', '2023-07-11 09:18:44', '2023-07-11 09:18:44', 8, 2),
(184, '0723-000184', 'place Julien David\n37572 Roger-sur-Cordier', 'livrer', '2023-07-11 09:18:44', '2023-07-11 09:18:44', 7, 4),
(185, '0723-000185', '79, impasse de Rousset\n50055 PintoBourg', 'annuler', '2023-07-11 09:18:44', '2023-07-11 09:18:44', 11, 4),
(186, '0723-000186', '4, impasse Étienne Riou\n50290 Charpentier', 'livraison', '2023-07-11 09:18:44', '2023-07-11 09:18:44', 19, 3),
(187, '0723-000187', '55, avenue Stéphane Joly\n11 298 Tanguydan', 'livraison', '2023-07-11 09:18:44', '2023-07-11 09:18:44', 9, 2),
(188, '0723-000188', '1, avenue de Laine\n42 308 Pagesnec', 'annuler', '2023-07-11 09:18:44', '2023-07-11 09:18:44', 15, 3),
(189, '0723-000189', 'rue Rodriguez\n17693 Galletnec', 'livraison', '2023-07-11 09:18:44', '2023-07-11 09:18:44', 19, 4),
(190, '0723-000190', '294, chemin Antoine\n21 920 Henry', 'livrer', '2023-07-11 09:18:44', '2023-07-11 09:18:44', 7, 2),
(191, '0723-000191', '21, rue Adrienne Vaillant\n99 639 Lejeune-sur-Duhamel', 'passer', '2023-07-11 09:18:44', '2023-07-11 09:18:44', 12, 4),
(192, '0723-000192', '11, chemin Patricia Blondel\n83 598 Picard', 'livrer', '2023-07-11 09:18:44', '2023-07-11 09:18:44', 16, 2),
(193, '0723-000193', '105, rue Valentin\n06869 Bruneau', 'livrer', '2023-07-11 09:18:44', '2023-07-11 09:18:44', 19, 3),
(194, '0723-000194', '930, boulevard de Benard\n87566 Delattre-les-Bains', 'annuler', '2023-07-11 09:18:44', '2023-07-11 09:18:44', 17, 2),
(195, '0723-000195', '82, place Jourdan\n41613 Delaunay-sur-Mer', 'traiter', '2023-07-11 09:18:44', '2023-07-11 09:18:44', 7, 3),
(196, '0723-000196', '91, chemin Dupre\n22 739 Fontaine', 'annuler', '2023-07-11 09:18:44', '2023-07-11 09:18:44', 18, 2),
(197, '0723-000197', '5, chemin Charlotte Couturier\n00093 Gallet', 'passer', '2023-07-11 09:18:44', '2023-07-11 09:18:44', 7, 3),
(198, '0723-000198', '44, boulevard Gilbert Renaud\n15428 Descamps', 'livrer', '2023-07-11 09:18:44', '2023-07-11 09:18:44', 12, 2),
(199, '0723-000199', '400, rue de Leroy\n94338 Roux', 'annuler', '2023-07-11 09:18:44', '2023-07-11 09:18:44', 11, 3),
(200, '0723-000200', '889, place de Gerard\n99 778 Foucher', 'traiter', '2023-07-11 09:18:44', '2023-07-11 09:18:44', 17, 3),
(201, '0723-000201', '83, boulevard Nicolas Boulanger\n03885 Fleury', 'passer', '2023-07-11 09:18:44', '2023-07-11 09:18:44', 14, 3),
(202, '0723-000202', '6, boulevard Gilbert\n95320 Seguin-sur-Poulain', 'livrer', '2023-07-11 09:18:44', '2023-07-11 09:18:44', 7, 4),
(203, '0723-000203', '8, avenue Delmas\n78 630 Martel', 'livrer', '2023-07-11 09:18:44', '2023-07-11 09:18:44', 11, 2),
(204, '0723-000204', '319, rue Gabriel Charles\n64163 De Sousa', 'livrer', '2023-07-11 09:18:44', '2023-07-11 09:18:44', 8, 3),
(205, '0723-000205', '451, place Olivie Bourgeois\n23 287 Antoine-sur-Gautier', 'passer', '2023-07-11 09:18:44', '2023-07-11 09:18:44', 16, 2),
(206, '0723-000206', '649, impasse Yves Loiseau\n55 364 Lesage', 'livrer', '2023-07-11 09:18:44', '2023-07-11 09:18:44', 16, 4),
(207, '0723-000207', '79, avenue Bazin\n58723 Rogerdan', 'traiter', '2023-07-11 09:18:44', '2023-07-11 09:18:44', 10, 3),
(208, '0723-000208', '68, chemin Chevalier\n98 862 Daniel', 'passer', '2023-07-11 09:18:44', '2023-07-11 09:18:44', 13, 4),
(209, '0723-000209', '49, avenue Isabelle Bouchet\n35929 Gonzalez', 'livraison', '2023-07-11 09:18:44', '2023-07-11 09:18:44', 11, 4),
(210, '0723-000210', '60, boulevard Françoise Riou\n48226 Gomez', 'annuler', '2023-07-11 09:18:44', '2023-07-11 09:18:44', 12, 3),
(211, '0723-000211', '505, impasse Thibaut Gilles\n87 111 Roux', 'livraison', '2023-07-11 09:18:44', '2023-07-11 09:18:44', 10, 4),
(212, '0723-000212', '89, chemin Emmanuelle Guerin\n03124 Etienne', 'annuler', '2023-07-11 09:18:44', '2023-07-11 09:18:44', 19, 2),
(213, '0723-000213', '94, avenue Munoz\n54097 BertinBourg', 'livraison', '2023-07-11 09:18:44', '2023-07-11 09:18:44', 18, 3),
(214, '0723-000214', '15, avenue de Mary\n30826 Vidal', 'livrer', '2023-07-11 09:18:44', '2023-07-11 09:18:44', 16, 3),
(215, '0723-000215', '7, place Geneviève Pires\n82 419 Bruneau-la-Forêt', 'annuler', '2023-07-11 09:18:44', '2023-07-11 09:18:44', 15, 2),
(216, '0723-000216', 'avenue Gérard Denis\n44044 Munoz', 'annuler', '2023-07-11 09:18:44', '2023-07-11 09:18:44', 17, 3),
(217, '0723-000217', '125, impasse de Morel\n98 625 Schneidernec', 'traiter', '2023-07-11 09:18:44', '2023-07-11 09:18:44', 11, 3),
(218, '0723-000218', '931, rue Stéphane Cordier\n94141 Leblanc', 'livraison', '2023-07-11 09:18:44', '2023-07-11 09:18:44', 12, 3),
(219, '0723-000219', 'rue de Riou\n07 423 Pascalboeuf', 'livrer', '2023-07-11 09:18:44', '2023-07-11 09:18:44', 14, 4),
(220, '0723-000220', '48, impasse de Morin\n80 889 Pruvost', 'livraison', '2023-07-11 09:18:44', '2023-07-11 09:18:44', 11, 4),
(221, '0723-000221', 'chemin Olivie Moreau\n32938 Vidal', 'traiter', '2023-07-11 09:18:44', '2023-07-11 09:18:44', 17, 2),
(222, '0723-000222', '4, avenue de Da Silva\n70 959 Leclercq-les-Bains', 'livraison', '2023-07-11 09:18:44', '2023-07-11 09:18:44', 14, 3),
(223, '0723-000223', '19, rue Maillet\n50 804 Collet', 'traiter', '2023-07-11 09:18:44', '2023-07-11 09:18:44', 12, 4),
(224, '0723-000224', '3, rue Thierry\n18 928 Jacquot-sur-Pichon', 'passer', '2023-07-11 09:18:44', '2023-07-11 09:18:44', 19, 3),
(225, '0723-000225', '2, impasse de Maury\n24292 Guyot', 'livraison', '2023-07-11 09:18:44', '2023-07-11 09:18:44', 19, 2),
(226, '0723-000226', '796, rue Guillaume Deschamps\n66 090 Marchand', 'livraison', '2023-07-11 09:18:44', '2023-07-11 09:18:44', 18, 3),
(227, '0723-000227', '54, avenue Dumas\n49 764 Gosselin', 'passer', '2023-07-11 09:18:44', '2023-07-11 09:18:44', 12, 3),
(228, '0723-000228', '82, rue Chauvin\n96593 FontaineVille', 'livrer', '2023-07-11 09:18:44', '2023-07-11 09:18:44', 14, 2),
(229, '0723-000229', '95, impasse Bernard Legendre\n44 552 RousseauVille', 'livraison', '2023-07-11 09:18:44', '2023-07-11 09:18:44', 7, 3),
(230, '0723-000230', '98, avenue Philippe\n76232 Techer-sur-Costa', 'passer', '2023-07-11 09:18:44', '2023-07-11 09:18:44', 15, 3),
(231, '0723-000231', '9, avenue Moreno\n37610 Chartiernec', 'annuler', '2023-07-11 09:18:44', '2023-07-11 09:18:44', 14, 2),
(232, '0723-000232', '53, chemin de Normand\n36846 Menard', 'annuler', '2023-07-11 09:18:44', '2023-07-11 09:18:44', 11, 3),
(233, '0723-000233', '30, impasse Audrey Leleu\n84 424 Philippe', 'livrer', '2023-07-11 09:18:44', '2023-07-11 09:18:44', 19, 4),
(234, '0723-000234', '29, impasse François Bailly\n39945 Bigot', 'annuler', '2023-07-11 09:18:44', '2023-07-11 09:18:44', 13, 2),
(235, '0723-000235', '55, place de Lefebvre\n15 779 DumasBourg', 'livraison', '2023-07-11 09:18:44', '2023-07-11 09:18:44', 17, 4),
(236, '0723-000236', 'rue Reynaud\n02679 EvrardBourg', 'livrer', '2023-07-11 09:18:44', '2023-07-11 09:18:44', 15, 4),
(237, '0723-000237', '25, rue Brunet\n72 821 Traoreboeuf', 'annuler', '2023-07-11 09:18:44', '2023-07-11 09:18:44', 19, 4),
(238, '0723-000238', '151, avenue de Leduc\n32226 Collet', 'livraison', '2023-07-11 09:18:44', '2023-07-11 09:18:44', 10, 3),
(239, '0723-000239', '62, rue Lesage\n05 311 Samson', 'livrer', '2023-07-11 09:18:44', '2023-07-11 09:18:44', 10, 4),
(240, '0723-000240', '684, place Dos Santos\n27 213 Costa', 'passer', '2023-07-11 09:18:44', '2023-07-11 09:18:44', 11, 3),
(241, '0723-000241', '31, avenue Lambert\n01817 BrunetBourg', 'livrer', '2023-07-11 09:18:44', '2023-07-11 09:18:44', 16, 4),
(242, '0723-000242', 'impasse Rémy Remy\n08009 Alexandre', 'passer', '2023-07-11 09:18:44', '2023-07-11 09:18:44', 19, 2),
(243, '0723-000243', '8, avenue Nguyen\n07493 RodriguezBourg', 'passer', '2023-07-11 09:18:44', '2023-07-11 09:18:44', 11, 2),
(244, '0723-000244', '8, rue de Gerard\n76 515 Vasseur', 'livraison', '2023-07-11 09:18:44', '2023-07-11 09:18:44', 15, 4),
(245, '0723-000245', '83, impasse Masson\n65 812 Dijoux', 'livrer', '2023-07-11 09:18:44', '2023-07-11 09:18:44', 12, 3),
(246, '0723-000246', 'place de Schneider\n76 392 Neveu', 'passer', '2023-07-11 09:18:44', '2023-07-11 09:18:44', 14, 2),
(247, '0723-000247', '81, rue Michel Le Roux\n95704 Dumas', 'annuler', '2023-07-11 09:18:44', '2023-07-11 09:18:44', 17, 2),
(248, '0723-000248', '61, impasse de Martel\n79 458 Gaudin', 'livraison', '2023-07-11 09:18:44', '2023-07-11 09:18:44', 17, 2),
(249, '0723-000249', '8, boulevard Ollivier\n56 471 Guillon', 'livrer', '2023-07-11 09:18:44', '2023-07-11 09:18:44', 7, 4),
(250, '0723-000250', '94, rue Théodore Lenoir\n22 172 Bazin', 'livraison', '2023-07-11 09:18:44', '2023-07-11 09:18:44', 10, 3),
(251, '0723-000251', '1, boulevard de Hernandez\n56 334 Jacques', 'traiter', '2023-07-11 09:18:44', '2023-07-11 09:18:44', 19, 2),
(252, '0723-000252', '665, impasse de Brun\n38281 Lecomte-les-Bains', 'annuler', '2023-07-11 09:18:44', '2023-07-11 09:18:44', 13, 4),
(253, '0723-000253', '16, boulevard de Devaux\n78499 Leconte-sur-Mer', 'livraison', '2023-07-11 09:18:44', '2023-07-11 09:18:44', 14, 3),
(254, '0723-000254', '82, avenue Benjamin Lemaire\n78101 Lucas-la-Forêt', 'livraison', '2023-07-11 09:18:44', '2023-07-11 09:18:44', 12, 3),
(255, '0723-000255', '76, rue Agnès Teixeira\n22507 Garcia', 'livraison', '2023-07-11 09:18:44', '2023-07-11 09:18:44', 17, 2),
(256, '0723-000256', '194, rue Collet\n18502 Fontaine', 'livraison', '2023-07-11 09:18:44', '2023-07-11 09:18:44', 12, 4),
(257, '0723-000257', '53, boulevard David Barthelemy\n27 603 Royernec', 'traiter', '2023-07-11 09:18:44', '2023-07-11 09:18:44', 18, 3),
(258, '0723-000258', '7, rue de Lemonnier\n01051 Carpentierdan', 'traiter', '2023-07-11 09:18:44', '2023-07-11 09:18:44', 10, 4),
(259, '0723-000259', 'rue Paulette Dumont\n89 675 Foucher', 'annuler', '2023-07-11 09:18:44', '2023-07-11 09:18:44', 16, 2),
(260, '0723-000260', '12, rue Célina Neveu\n89 316 Perez-sur-Dupre', 'livrer', '2023-07-11 09:18:44', '2023-07-11 09:18:44', 12, 3),
(261, '0723-000261', '7, impasse Marc Perrier\n21 629 Da Silva', 'annuler', '2023-07-11 09:18:44', '2023-07-11 09:18:44', 13, 4),
(262, '0723-000262', '978, place de Vallee\n13953 Regnier', 'livraison', '2023-07-11 09:18:44', '2023-07-11 09:18:44', 11, 2),
(263, '0723-000263', '101, boulevard Hubert\n57 471 Roger', 'passer', '2023-07-11 09:18:44', '2023-07-11 09:18:44', 15, 2),
(264, '0723-000264', 'place René Masse\n33866 Louis-sur-Mer', 'passer', '2023-07-11 09:18:44', '2023-07-11 09:18:44', 12, 4),
(265, '0723-000265', '38, rue Mathilde Riviere\n66 860 De Oliveira', 'livrer', '2023-07-11 09:18:44', '2023-07-11 09:18:44', 14, 4),
(266, '0723-000266', '23, rue de Leger\n32 816 Le Gall', 'annuler', '2023-07-11 09:18:44', '2023-07-11 09:18:44', 13, 3),
(267, '0723-000267', '579, rue Valentine Richard\n42 494 Guillou', 'traiter', '2023-07-11 09:18:44', '2023-07-11 09:18:44', 16, 4),
(268, '0723-000268', '605, rue Chevallier\n67 743 Mace', 'livraison', '2023-07-11 09:18:44', '2023-07-11 09:18:44', 13, 3),
(269, '0723-000269', '2, boulevard Marie Garcia\n26697 Lecoq', 'livrer', '2023-07-11 09:18:44', '2023-07-11 09:18:44', 15, 2),
(270, '0723-000270', '39, boulevard Andrée Francois\n89 132 Mace', 'annuler', '2023-07-11 09:18:44', '2023-07-11 09:18:44', 19, 2),
(271, '0723-000271', '936, place de Boucher\n23348 Joubert', 'traiter', '2023-07-11 09:18:44', '2023-07-11 09:18:44', 11, 4),
(272, '0723-000272', '360, chemin de Simon\n84279 Mary-les-Bains', 'passer', '2023-07-11 09:18:44', '2023-07-11 09:18:44', 18, 2),
(273, '0723-000273', '47, rue de Legrand\n77 523 Nguyen', 'annuler', '2023-07-11 09:18:44', '2023-07-11 09:18:44', 17, 4),
(274, '0723-000274', '982, place Robert Garcia\n94 917 Regnier', 'livraison', '2023-07-11 09:18:44', '2023-07-11 09:18:44', 8, 4),
(275, '0723-000275', '82, avenue Robert Guilbert\n57401 Henry', 'annuler', '2023-07-11 09:18:44', '2023-07-11 09:18:44', 15, 4),
(276, '0723-000276', '61, rue Dos Santos\n13336 Bodindan', 'traiter', '2023-07-11 09:18:44', '2023-07-11 09:18:44', 16, 2),
(277, '0723-000277', '33, rue Laurence Letellier\n27 151 Rolland', 'annuler', '2023-07-11 09:18:44', '2023-07-11 09:18:44', 19, 4),
(278, '0723-000278', '12, rue Vincent Girard\n05 361 Alexandre', 'livraison', '2023-07-11 09:18:44', '2023-07-11 09:18:44', 7, 3),
(279, '0723-000279', '59, rue Victor Gerard\n51 142 Mallet', 'livrer', '2023-07-11 09:18:44', '2023-07-11 09:18:44', 9, 2),
(280, '0723-000280', '7, chemin Marin\n20480 Gosselin-sur-Mer', 'passer', '2023-07-11 09:18:44', '2023-07-11 09:18:44', 8, 2),
(281, '0723-000281', '29, chemin Marc Clerc\n82348 Roux-sur-Bodin', 'livraison', '2023-07-11 09:18:44', '2023-07-11 09:18:44', 10, 3),
(282, '0723-000282', '480, place Mendes\n80 544 RiviereBourg', 'annuler', '2023-07-11 09:18:44', '2023-07-11 09:18:44', 9, 4),
(283, '0723-000283', '42, place Gregoire\n93829 Dufour-les-Bains', 'traiter', '2023-07-11 09:18:44', '2023-07-11 09:18:44', 10, 4),
(284, '0723-000284', 'impasse Leroy\n64173 Lambert', 'livraison', '2023-07-11 09:18:44', '2023-07-11 09:18:44', 9, 2),
(285, '0723-000285', '26, boulevard Begue\n58 085 Oliviernec', 'annuler', '2023-07-11 09:18:44', '2023-07-11 09:18:44', 7, 4),
(286, '0723-000286', '62, impasse Valette\n78 532 Jacquet-sur-Delahaye', 'passer', '2023-07-11 09:18:44', '2023-07-11 09:18:44', 15, 4),
(287, '0723-000287', '2, chemin de Louis\n23396 SchmittBourg', 'traiter', '2023-07-11 09:18:44', '2023-07-11 09:18:44', 12, 3),
(288, '0723-000288', '23, chemin de Renard\n02457 Carpentier', 'annuler', '2023-07-11 09:18:44', '2023-07-11 09:18:44', 7, 4),
(289, '0723-000289', '91, rue Olivie Briand\n07356 Charpentier', 'livrer', '2023-07-11 09:18:44', '2023-07-11 09:18:44', 8, 3),
(290, '0723-000290', '86, rue Potier\n45517 Robert', 'passer', '2023-07-11 09:18:44', '2023-07-11 09:18:44', 17, 3),
(291, '0723-000291', '563, place Patrick Rey\n93 099 Ribeiro', 'livrer', '2023-07-11 09:18:44', '2023-07-11 09:18:44', 9, 4),
(292, '0723-000292', '9, boulevard Dominique Buisson\n05 382 Lombard', 'passer', '2023-07-11 09:18:44', '2023-07-11 09:18:44', 18, 2),
(293, '0723-000293', '7, boulevard Humbert\n65 868 FleuryBourg', 'annuler', '2023-07-11 09:18:44', '2023-07-11 09:18:44', 13, 4),
(294, '0723-000294', 'place de Daniel\n01339 Seguin-les-Bains', 'traiter', '2023-07-11 09:18:44', '2023-07-11 09:18:44', 18, 4),
(295, '0723-000295', '69, avenue Franck Bertin\n11 147 Rodrigues', 'annuler', '2023-07-11 09:18:44', '2023-07-11 09:18:44', 10, 4),
(296, '0723-000296', '67, place de Guyon\n50 398 LeducBourg', 'livrer', '2023-07-11 09:18:44', '2023-07-11 09:18:44', 17, 4),
(297, '0723-000297', '13, avenue Alice Gay\n04310 Lopesnec', 'annuler', '2023-07-11 09:18:44', '2023-07-11 09:18:44', 10, 2),
(298, '0723-000298', 'impasse Sébastien Germain\n07 316 Riou', 'annuler', '2023-07-11 09:18:44', '2023-07-11 09:18:44', 19, 4),
(299, '0723-000299', 'rue de Jacquet\n08192 Weber', 'livrer', '2023-07-11 09:18:44', '2023-07-11 09:18:44', 16, 2),
(300, '0723-000300', '21, avenue Maggie Martel\n95738 Mercier', 'traiter', '2023-07-11 09:18:44', '2023-07-11 09:18:44', 8, 2),
(301, '0723-000301', '73, avenue Picard\n37218 Delorme', 'livraison', '2023-07-11 09:18:44', '2023-07-11 09:18:44', 18, 3),
(302, '0723-000302', '6, place Mercier\n31537 Barre', 'livrer', '2023-07-11 09:18:44', '2023-07-11 09:18:44', 13, 3),
(303, '0723-000303', '464, rue Véronique Riviere\n02339 Daniel', 'passer', '2023-07-11 09:18:44', '2023-07-11 09:18:44', 17, 3),
(304, '0723-000304', '2, avenue Margaret Weber\n33 155 KleinBourg', 'passer', '2023-07-11 09:18:44', '2023-07-11 09:18:44', 7, 2),
(305, '0723-000305', '77, chemin Allain\n74 728 MarieBourg', 'traiter', '2023-07-11 09:18:44', '2023-07-11 09:18:44', 15, 4),
(306, '0723-000306', '477, impasse Brunet\n68712 Barbe', 'annuler', '2023-07-11 09:18:44', '2023-07-11 09:18:44', 17, 2),
(307, '0723-000307', 'impasse Emmanuel Michaud\n12785 Fernandes', 'passer', '2023-07-11 09:18:44', '2023-07-11 09:18:44', 10, 2),
(308, '0723-000308', '86, chemin de Blot\n90 192 Cohen', 'livraison', '2023-07-11 09:18:44', '2023-07-11 09:18:44', 11, 3),
(309, '0723-000309', '2, place Leblanc\n44957 Boucher', 'traiter', '2023-07-11 09:18:44', '2023-07-11 09:18:44', 14, 2),
(310, '0723-000310', '58, boulevard Aubert\n06 544 Gallet-la-Forêt', 'livraison', '2023-07-11 09:18:44', '2023-07-11 09:18:44', 15, 3),
(311, '0723-000311', '392, impasse de Picard\n01 789 Albert', 'livraison', '2023-07-11 09:18:44', '2023-07-11 09:18:44', 15, 2),
(312, '0723-000312', 'place de Buisson\n67553 Lainedan', 'passer', '2023-07-11 09:18:44', '2023-07-11 09:18:44', 11, 4),
(313, '0723-000313', 'rue Stéphane Hoareau\n50924 Legendre', 'livraison', '2023-07-11 09:18:44', '2023-07-11 09:18:44', 19, 3),
(314, '0723-000314', '89, rue de Germain\n40829 HebertVille', 'traiter', '2023-07-11 09:18:44', '2023-07-11 09:18:44', 19, 3),
(315, '0723-000315', '2, place de Boutin\n47259 Perrotnec', 'annuler', '2023-07-11 09:18:44', '2023-07-11 09:18:44', 13, 2),
(316, '0723-000316', 'rue François Masse\n18 898 Normand-la-Forêt', 'livrer', '2023-07-11 09:18:44', '2023-07-11 09:18:44', 15, 2),
(317, '0723-000317', '31, rue Bernadette Dupont\n71 242 Remy', 'passer', '2023-07-11 09:18:44', '2023-07-11 09:18:44', 19, 3),
(318, '0723-000318', '1, chemin Arnaude Peron\n01 421 Jolyboeuf', 'passer', '2023-07-11 09:18:44', '2023-07-11 09:18:44', 15, 3),
(319, '0723-000319', '3, avenue Ruiz\n25 150 Hubert-sur-Traore', 'livrer', '2023-07-11 09:18:44', '2023-07-11 09:18:44', 16, 4),
(320, '0723-000320', 'chemin Hugues Marchal\n97 152 PerezBourg', 'livraison', '2023-07-11 09:18:44', '2023-07-11 09:18:44', 9, 3),
(321, '0723-000321', 'chemin de Tessier\n99 490 Chretien', 'annuler', '2023-07-11 09:18:44', '2023-07-11 09:18:44', 11, 4),
(322, '0723-000322', '13, rue Roger\n51943 Jacquet-sur-Pichon', 'livraison', '2023-07-11 09:18:44', '2023-07-11 09:18:44', 9, 4),
(323, '0723-000323', 'rue de Moreno\n97 515 Michaud-sur-Mer', 'annuler', '2023-07-11 09:18:44', '2023-07-11 09:18:44', 14, 2),
(324, '0723-000324', '86, boulevard Legros\n29299 Breton-sur-Dias', 'traiter', '2023-07-11 09:18:44', '2023-07-11 09:18:44', 11, 3),
(325, '0723-000325', '81, impasse Gaillard\n14 689 Lefevre-sur-Mer', 'annuler', '2023-07-11 09:18:44', '2023-07-11 09:18:44', 9, 4),
(326, '0723-000326', 'impasse Pasquier\n94303 Leconte-la-Forêt', 'livrer', '2023-07-11 09:18:44', '2023-07-11 09:18:44', 19, 2),
(327, '0723-000327', '88, avenue Jules Laurent\n39 863 Payet-les-Bains', 'livrer', '2023-07-11 09:18:44', '2023-07-11 09:18:44', 17, 4),
(328, '0723-000328', '42, boulevard Laporte\n49761 Bonnindan', 'traiter', '2023-07-11 09:18:44', '2023-07-11 09:18:44', 12, 3),
(329, '0723-000329', '20, avenue Élise Hebert\n05679 Monnier', 'livrer', '2023-07-11 09:18:44', '2023-07-11 09:18:44', 8, 3),
(330, '0723-000330', '99, boulevard de Fernandez\n77339 Germain', 'livraison', '2023-07-11 09:18:44', '2023-07-11 09:18:44', 9, 3),
(331, '0723-000331', '649, place de Weiss\n84 784 Jean', 'annuler', '2023-07-11 09:18:44', '2023-07-11 09:18:44', 12, 4),
(332, '0723-000332', '14, rue de Langlois\n35 122 Aubry-sur-Adam', 'traiter', '2023-07-11 09:18:44', '2023-07-11 09:18:44', 18, 2),
(333, '0723-000333', '325, place Xavier Lambert\n34613 Francois', 'livraison', '2023-07-11 09:18:44', '2023-07-11 09:18:44', 13, 3),
(334, '0723-000334', '638, boulevard Lemaire\n96 436 Buisson-sur-Gros', 'livrer', '2023-07-11 09:18:44', '2023-07-11 09:18:44', 13, 3),
(335, '0723-000335', '12, rue de Guillon\n88 089 Coulon', 'annuler', '2023-07-11 09:18:44', '2023-07-11 09:18:44', 14, 4),
(336, '0723-000336', 'rue de Rodrigues\n03 210 LombardBourg', 'livraison', '2023-07-11 09:18:44', '2023-07-11 09:18:44', 8, 3),
(337, '0723-000337', 'rue Astrid Labbe\n97 693 Coulonnec', 'livrer', '2023-07-11 09:18:44', '2023-07-11 09:18:44', 14, 2),
(338, '0723-000338', '79, chemin Weber\n08489 Le Roux', 'livrer', '2023-07-11 09:18:44', '2023-07-11 09:18:44', 8, 2),
(339, '0723-000339', '728, avenue Auguste Weber\n43 808 Marchand', 'livraison', '2023-07-11 09:18:44', '2023-07-11 09:18:44', 17, 2),
(340, '0723-000340', 'boulevard de Traore\n59344 MartinVille', 'annuler', '2023-07-11 09:18:44', '2023-07-11 09:18:44', 18, 4),
(341, '0723-000341', '107, rue de Guillaume\n16616 Goncalvesboeuf', 'traiter', '2023-07-11 09:18:44', '2023-07-11 09:18:44', 8, 2),
(342, '0723-000342', '67, place Bodin\n13712 Ramos-sur-Roche', 'annuler', '2023-07-11 09:18:44', '2023-07-11 09:18:44', 16, 2),
(343, '0723-000343', '12, chemin Anne Colin\n60 665 Bernier-sur-Mer', 'livraison', '2023-07-11 09:18:44', '2023-07-11 09:18:44', 13, 2),
(344, '0723-000344', '1, avenue Payet\n94812 Ledoux-sur-Mer', 'livraison', '2023-07-11 09:18:44', '2023-07-11 09:18:44', 12, 3),
(345, '0723-000345', '73, place de Aubry\n77 951 Leduc-la-Forêt', 'passer', '2023-07-11 09:18:44', '2023-07-11 09:18:44', 14, 2),
(346, '0723-000346', '41, boulevard Laroche\n91724 Carpentier', 'livrer', '2023-07-11 09:18:44', '2023-07-11 09:18:44', 15, 3),
(347, '0723-000347', '467, avenue Hubert\n67 986 Chauveau-la-Forêt', 'traiter', '2023-07-11 09:18:44', '2023-07-11 09:18:44', 13, 2),
(348, '0723-000348', '715, impasse Ruiz\n36508 Pelletier', 'livrer', '2023-07-11 09:18:44', '2023-07-11 09:18:44', 18, 2),
(349, '0723-000349', '3, chemin Frédéric Louis\n39100 Tessier', 'traiter', '2023-07-11 09:18:44', '2023-07-11 09:18:44', 7, 2),
(350, '0723-000350', '74, rue Maillard\n75 099 Hernandez-sur-Legrand', 'passer', '2023-07-11 09:18:44', '2023-07-11 09:18:44', 9, 2),
(351, '0723-000351', '5, chemin Lebon\n27089 Peltier', 'livrer', '2023-07-11 09:18:44', '2023-07-11 09:18:44', 15, 4),
(352, '0723-000352', '33, place Lacombe\n19 534 Texierboeuf', 'traiter', '2023-07-11 09:18:44', '2023-07-11 09:18:44', 16, 2),
(353, '0723-000353', 'rue de Bonnin\n63 121 MarquesVille', 'traiter', '2023-07-11 09:18:44', '2023-07-11 09:18:44', 11, 2),
(354, '0723-000354', '51, chemin de Lefort\n99579 Merleboeuf', 'livrer', '2023-07-11 09:18:44', '2023-07-11 09:18:44', 12, 2),
(355, '0723-000355', 'impasse de Salmon\n11 071 Moulin', 'livrer', '2023-07-11 09:18:44', '2023-07-11 09:18:44', 10, 3),
(356, '0723-000356', '51, rue Patrick Charpentier\n06057 Dufour', 'annuler', '2023-07-11 09:18:44', '2023-07-11 09:18:44', 17, 3),
(357, '0723-000357', '9, place de Garnier\n58061 Michaud', 'passer', '2023-07-11 09:18:44', '2023-07-11 09:18:44', 14, 4),
(358, '0723-000358', '921, rue Maillet\n00058 Besson', 'livraison', '2023-07-11 09:18:44', '2023-07-11 09:18:44', 9, 4),
(359, '0723-000359', '4, rue de Joly\n98 578 Lebon', 'passer', '2023-07-11 09:18:44', '2023-07-11 09:18:44', 14, 4),
(360, '0723-000360', '63, rue de Seguin\n21423 ReyBourg', 'livraison', '2023-07-11 09:18:44', '2023-07-11 09:18:44', 8, 4),
(361, '0723-000361', 'chemin de Couturier\n69069 Lebon', 'annuler', '2023-07-11 09:18:44', '2023-07-11 09:18:44', 19, 4),
(362, '0723-000362', 'impasse de Barthelemy\n09 883 Guillouboeuf', 'traiter', '2023-07-11 09:18:44', '2023-07-11 09:18:44', 11, 4),
(363, '0723-000363', '65, rue Christiane Lenoir\n81114 Bazin', 'annuler', '2023-07-11 09:18:44', '2023-07-11 09:18:44', 9, 3),
(364, '0723-000364', 'boulevard Couturier\n69 673 Rousseau', 'livraison', '2023-07-11 09:18:44', '2023-07-11 09:18:44', 14, 2),
(365, '0723-000365', '19, boulevard Alphonse Rodriguez\n37093 Marques', 'passer', '2023-07-11 09:18:44', '2023-07-11 09:18:44', 12, 4),
(366, '0723-000366', '260, impasse de Collin\n28 436 Colas-la-Forêt', 'annuler', '2023-07-11 09:18:44', '2023-07-11 09:18:44', 19, 2),
(367, '0723-000367', '45, rue Delannoy\n22551 Faivre', 'annuler', '2023-07-11 09:18:44', '2023-07-11 09:18:44', 7, 4),
(368, '0723-000368', '86, place Paris\n39458 Dubois-les-Bains', 'passer', '2023-07-11 09:18:44', '2023-07-11 09:18:44', 12, 4),
(369, '0723-000369', '32, place Turpin\n18908 MoulinBourg', 'passer', '2023-07-11 09:18:44', '2023-07-11 09:18:44', 13, 2),
(370, '0723-000370', '13, rue Suzanne Fleury\n15 908 Foucher-sur-Pascal', 'traiter', '2023-07-11 09:18:44', '2023-07-11 09:18:44', 17, 3),
(371, '0723-000371', '13, chemin Lemonnier\n37 686 Thomas-la-Forêt', 'passer', '2023-07-11 09:18:44', '2023-07-11 09:18:44', 8, 3),
(372, '0723-000372', '2, avenue Josette Maillet\n05 704 Traore', 'passer', '2023-07-11 09:18:44', '2023-07-11 09:18:44', 7, 4),
(373, '0723-000373', 'avenue de Texier\n74759 Poulain-sur-Baron', 'annuler', '2023-07-11 09:18:44', '2023-07-11 09:18:44', 15, 2),
(374, '0723-000374', '78, rue Begue\n28748 Chevalier-les-Bains', 'livraison', '2023-07-11 09:18:44', '2023-07-11 09:18:44', 18, 3),
(375, '0723-000375', '96, boulevard Normand\n71 852 Joubert-sur-Mer', 'annuler', '2023-07-11 09:18:44', '2023-07-11 09:18:44', 14, 2),
(376, '0723-000376', '269, boulevard de Hoareau\n94526 Colindan', 'passer', '2023-07-11 09:18:44', '2023-07-11 09:18:44', 14, 3),
(377, '0723-000377', '6, boulevard Dominique Morvan\n40298 Traorenec', 'livrer', '2023-07-11 09:18:44', '2023-07-11 09:18:44', 7, 2),
(378, '0723-000378', '27, chemin Madeleine Pelletier\n67 095 PerezBourg', 'traiter', '2023-07-11 09:18:44', '2023-07-11 09:18:44', 11, 2),
(379, '0723-000379', '38, chemin Pereira\n84 368 Letellierdan', 'livraison', '2023-07-11 09:18:44', '2023-07-11 09:18:44', 15, 3),
(380, '0723-000380', '33, avenue de Bonnin\n09399 Duval-les-Bains', 'traiter', '2023-07-11 09:18:44', '2023-07-11 09:18:44', 16, 2),
(381, '0723-000381', '4, rue Diane Daniel\n61798 Dos Santos-sur-Rousseau', 'livrer', '2023-07-11 09:18:44', '2023-07-11 09:18:44', 12, 2),
(382, '0723-000382', '3, rue de Bonnet\n94 493 Hernandez', 'passer', '2023-07-11 09:18:44', '2023-07-11 09:18:44', 8, 4),
(383, '0723-000383', '78, rue de Delahaye\n35 831 Hernandez', 'passer', '2023-07-11 09:18:44', '2023-07-11 09:18:44', 10, 4),
(384, '0723-000384', '74, boulevard de Lefebvre\n52 619 Bodin', 'livrer', '2023-07-11 09:18:44', '2023-07-11 09:18:44', 14, 2),
(385, '0723-000385', '310, rue Guillaume\n00427 Francois-la-Forêt', 'traiter', '2023-07-11 09:18:44', '2023-07-11 09:18:44', 8, 2),
(386, '0723-000386', 'boulevard Bertrand Couturier\n69 548 Boulanger-sur-Lemaire', 'traiter', '2023-07-11 09:18:44', '2023-07-11 09:18:44', 18, 2),
(387, '0723-000387', '63, boulevard Anastasie Pages\n40949 Ollivier', 'traiter', '2023-07-11 09:18:44', '2023-07-11 09:18:44', 14, 3),
(388, '0723-000388', '1, chemin de Vincent\n81766 Laporte', 'passer', '2023-07-11 09:18:44', '2023-07-11 09:18:44', 12, 2),
(389, '0723-000389', '9, rue Christophe Chauvet\n00 873 Clerc', 'livraison', '2023-07-11 09:18:44', '2023-07-11 09:18:44', 9, 4),
(390, '0723-000390', '3, chemin Henri Gomes\n40 212 Lacombe', 'livraison', '2023-07-11 09:18:44', '2023-07-11 09:18:44', 13, 2),
(391, '0723-000391', '80, avenue Agnès Brunel\n14989 Texier', 'passer', '2023-07-11 09:18:44', '2023-07-11 09:18:44', 10, 4),
(392, '0723-000392', '71, rue Océane Pons\n20 110 Pascal', 'passer', '2023-07-11 09:18:44', '2023-07-11 09:18:44', 17, 3),
(393, '0723-000393', '87, boulevard de Parent\n06539 Delorme', 'annuler', '2023-07-11 09:18:44', '2023-07-11 09:18:44', 17, 2),
(394, '0723-000394', '2, boulevard Rousset\n60 195 Guillaume-sur-Joseph', 'livraison', '2023-07-11 09:18:44', '2023-07-11 09:18:44', 8, 3),
(395, '0723-000395', '21, boulevard Pires\n44140 Fernandes', 'traiter', '2023-07-11 09:18:44', '2023-07-11 09:18:44', 8, 4),
(396, '0723-000396', '78, rue de Vincent\n56 799 Mallet', 'traiter', '2023-07-11 09:18:44', '2023-07-11 09:18:44', 13, 4);
INSERT INTO `commandes` (`id`, `numero`, `adresse`, `statut`, `created_at`, `updated_at`, `client_id`, `livreur_id`) VALUES
(397, '0723-000397', 'rue Guerin\n91 134 Riou', 'livraison', '2023-07-11 09:18:44', '2023-07-11 09:18:44', 10, 4),
(398, '0723-000398', '4, impasse Nath Lopes\n17 508 PerrinVille', 'traiter', '2023-07-11 09:18:44', '2023-07-11 09:18:44', 11, 4),
(399, '0723-000399', '73, place Alves\n00 760 Huet-sur-Pottier', 'livrer', '2023-07-11 09:18:44', '2023-07-11 09:18:44', 13, 4),
(400, '0723-000400', 'boulevard Renault\n75 999 Martineaunec', 'annuler', '2023-07-11 09:18:44', '2023-07-11 09:18:44', 18, 4),
(401, '0723-000401', '11, rue de Clerc\n03 789 De Oliveiranec', 'livrer', '2023-07-11 09:18:44', '2023-07-11 09:18:44', 8, 2),
(402, '0723-000402', '97, avenue Auguste Picard\n93241 Menard-sur-Mer', 'livrer', '2023-07-11 09:18:44', '2023-07-11 09:18:44', 8, 3),
(403, '0723-000403', '375, rue Agathe Marechal\n10682 Olivier-sur-Mer', 'livrer', '2023-07-11 09:18:44', '2023-07-11 09:18:44', 10, 2),
(404, '0723-000404', '968, boulevard René Moreau\n05646 Gonzalez-les-Bains', 'livraison', '2023-07-11 09:18:44', '2023-07-11 09:18:44', 9, 4),
(405, '0723-000405', '55, rue Peltier\n01855 Gaudin', 'traiter', '2023-07-11 09:18:44', '2023-07-11 09:18:44', 17, 4),
(406, '0723-000406', '67, place de Lefebvre\n76 469 Valentindan', 'traiter', '2023-07-11 09:18:44', '2023-07-11 09:18:44', 8, 3),
(407, '0723-000407', '335, impasse Guyot\n56 405 PhilippeBourg', 'livrer', '2023-07-11 09:18:44', '2023-07-11 09:18:44', 11, 2),
(408, '0723-000408', '6, place de Guerin\n58315 Roger', 'livrer', '2023-07-11 09:18:44', '2023-07-11 09:18:44', 12, 3),
(409, '0723-000409', 'boulevard David Moreno\n70706 Besson', 'livrer', '2023-07-11 09:18:44', '2023-07-11 09:18:44', 13, 3),
(410, '0723-000410', '61, rue Jacques\n77706 MenardBourg', 'traiter', '2023-07-11 09:18:44', '2023-07-11 09:18:44', 13, 2),
(411, '0723-000411', '9, avenue de Remy\n24174 Roger', 'passer', '2023-07-11 09:18:44', '2023-07-11 09:18:44', 9, 2),
(412, '0723-000412', 'place de Wagner\n69 967 Chevalier-sur-Mer', 'annuler', '2023-07-11 09:18:44', '2023-07-11 09:18:44', 8, 3),
(413, '0723-000413', '819, place Constance Paul\n21696 Couturier', 'passer', '2023-07-11 09:18:44', '2023-07-11 09:18:44', 12, 2),
(414, '0723-000414', '236, avenue de Andre\n61 494 Huet', 'passer', '2023-07-11 09:18:44', '2023-07-11 09:18:44', 12, 3),
(415, '0723-000415', '694, rue Herve\n59025 Breton-les-Bains', 'livraison', '2023-07-11 09:18:44', '2023-07-11 09:18:44', 16, 3),
(416, '0723-000416', '96, avenue de Berger\n38 167 Perrier', 'livrer', '2023-07-11 09:18:44', '2023-07-11 09:18:44', 13, 2),
(417, '0723-000417', '337, boulevard Gros\n24001 Durand', 'passer', '2023-07-11 09:18:44', '2023-07-11 09:18:44', 12, 4),
(418, '0723-000418', '10, impasse Fischer\n62940 Delmas', 'annuler', '2023-07-11 09:18:44', '2023-07-11 09:18:44', 11, 2),
(419, '0723-000419', 'chemin Thierry Bodin\n03 479 Vidal', 'annuler', '2023-07-11 09:18:44', '2023-07-11 09:18:44', 7, 4),
(420, '0723-000420', '44, rue de Guilbert\n02 172 Pasquier', 'annuler', '2023-07-11 09:18:44', '2023-07-11 09:18:44', 7, 3),
(421, '0723-000421', '894, rue Théophile Meyer\n46 479 JacquetBourg', 'annuler', '2023-07-11 09:18:44', '2023-07-11 09:18:44', 9, 3),
(422, '0723-000422', '13, place Aubry\n11253 Laine', 'livraison', '2023-07-11 09:18:44', '2023-07-11 09:18:44', 8, 3),
(423, '0723-000423', '24, rue François Hamon\n51449 Hoareau', 'livraison', '2023-07-11 09:18:44', '2023-07-11 09:18:44', 18, 4),
(424, '0723-000424', '742, rue Ferrand\n85710 Gros-sur-Allain', 'traiter', '2023-07-11 09:18:44', '2023-07-11 09:18:44', 10, 3),
(425, '0723-000425', 'avenue Boulay\n38823 Caron', 'livrer', '2023-07-11 09:18:44', '2023-07-11 09:18:44', 18, 3),
(426, '0723-000426', '79, rue Raynaud\n78 413 Etienne', 'traiter', '2023-07-11 09:18:44', '2023-07-11 09:18:44', 7, 4),
(427, '0723-000427', '49, rue Faivre\n32 126 Ferrand', 'annuler', '2023-07-11 09:18:44', '2023-07-11 09:18:44', 11, 3),
(428, '0723-000428', '91, chemin de Meyer\n76919 Legendre', 'traiter', '2023-07-11 09:18:44', '2023-07-11 09:18:44', 17, 3),
(429, '0723-000429', 'place de Klein\n23 217 Gauthier', 'livrer', '2023-07-11 09:18:44', '2023-07-11 09:18:44', 18, 4),
(430, '0723-000430', '2, impasse de Maillard\n41 967 Maillet-sur-Leduc', 'passer', '2023-07-11 09:18:44', '2023-07-11 09:18:44', 16, 4),
(431, '0723-000431', '4, boulevard de Dubois\n32 878 Leveque', 'traiter', '2023-07-11 09:18:44', '2023-07-11 09:18:44', 10, 3),
(432, '0723-000432', '8, avenue Guilbert\n98663 Marin', 'traiter', '2023-07-11 09:18:44', '2023-07-11 09:18:44', 19, 2),
(433, '0723-000433', '5, chemin de Salmon\n96 437 Monnier', 'traiter', '2023-07-11 09:18:44', '2023-07-11 09:18:44', 13, 3),
(434, '0723-000434', '27, impasse Faivre\n80323 FleuryVille', 'livrer', '2023-07-11 09:18:44', '2023-07-11 09:18:44', 8, 3),
(435, '0723-000435', '579, impasse Roland Briand\n21937 Jacquet-les-Bains', 'livraison', '2023-07-11 09:18:44', '2023-07-11 09:18:44', 10, 4),
(436, '0723-000436', '293, rue Adélaïde Samson\n59705 Pereira', 'livrer', '2023-07-11 09:18:44', '2023-07-11 09:18:44', 14, 2),
(437, '0723-000437', 'rue de Le Goff\n80 066 Martineau', 'annuler', '2023-07-11 09:18:44', '2023-07-11 09:18:44', 14, 2),
(438, '0723-000438', '408, avenue Hortense Morvan\n71 746 Baron-sur-Martel', 'traiter', '2023-07-11 09:18:44', '2023-07-11 09:18:44', 16, 2),
(439, '0723-000439', '198, avenue de Leveque\n09 766 LecoqBourg', 'passer', '2023-07-11 09:18:44', '2023-07-11 09:18:44', 8, 4),
(440, '0723-000440', '75, boulevard Rodrigues\n43568 Coste-les-Bains', 'livrer', '2023-07-11 09:18:44', '2023-07-11 09:18:44', 9, 2),
(441, '0723-000441', 'rue de Lemaitre\n41665 Coulondan', 'passer', '2023-07-11 09:18:44', '2023-07-11 09:18:44', 15, 2),
(442, '0723-000442', '607, rue Jacquot\n54063 Hardy', 'livraison', '2023-07-11 09:18:44', '2023-07-11 09:18:44', 10, 2),
(443, '0723-000443', '16, rue de Boulay\n53 884 Pereira-les-Bains', 'annuler', '2023-07-11 09:18:44', '2023-07-11 09:18:44', 18, 2),
(444, '0723-000444', '59, rue de Bourdon\n08 003 BretonVille', 'annuler', '2023-07-11 09:18:44', '2023-07-11 09:18:44', 14, 3),
(445, '0723-000445', 'place de Perret\n43 698 Barbe-sur-Alexandre', 'livraison', '2023-07-11 09:18:44', '2023-07-11 09:18:44', 14, 4),
(446, '0723-000446', '14, rue Marie Grenier\n28 141 Martinez-sur-Descamps', 'annuler', '2023-07-11 09:18:44', '2023-07-11 09:18:44', 18, 4),
(447, '0723-000447', '17, impasse Lombard\n52337 Aubert-sur-Gaudin', 'annuler', '2023-07-11 09:18:44', '2023-07-11 09:18:44', 10, 2),
(448, '0723-000448', '898, place Fischer\n40 307 Herve', 'passer', '2023-07-11 09:18:44', '2023-07-11 09:18:44', 18, 4),
(449, '0723-000449', '94, avenue Chevallier\n02 166 Diaznec', 'passer', '2023-07-11 09:18:44', '2023-07-11 09:18:44', 10, 2),
(450, '0723-000450', '12, place Blanchet\n47 377 Duvalboeuf', 'annuler', '2023-07-11 09:18:44', '2023-07-11 09:18:44', 11, 4),
(451, '0723-000451', 'impasse Michelle Foucher\n61 851 Lemaitre', 'annuler', '2023-07-11 09:18:44', '2023-07-11 09:18:44', 17, 4),
(452, '0723-000452', '286, rue Virginie Legendre\n71792 PotierBourg', 'traiter', '2023-07-11 09:18:44', '2023-07-11 09:18:44', 8, 3),
(453, '0723-000453', '86, rue Navarro\n24 634 Rousset', 'annuler', '2023-07-11 09:18:44', '2023-07-11 09:18:44', 15, 4),
(454, '0723-000454', '41, chemin de Guillou\n78 518 Laporte', 'traiter', '2023-07-11 09:18:44', '2023-07-11 09:18:44', 16, 3),
(455, '0723-000455', 'chemin Collin\n91667 Maurice', 'traiter', '2023-07-11 09:18:44', '2023-07-11 09:18:44', 8, 3),
(456, '0723-000456', '3, avenue Luce Masse\n97 142 Barbier', 'traiter', '2023-07-11 09:18:44', '2023-07-11 09:18:44', 17, 3),
(457, '0723-000457', '35, rue Éric Moreau\n17 907 Voisin', 'livraison', '2023-07-11 09:18:44', '2023-07-11 09:18:44', 11, 4),
(458, '0723-000458', '76, rue Brigitte Marechal\n67 767 Camus', 'livrer', '2023-07-11 09:18:44', '2023-07-11 09:18:44', 11, 2),
(459, '0723-000459', '81, rue Hugues Camus\n00681 Rousseldan', 'traiter', '2023-07-11 09:18:44', '2023-07-11 09:18:44', 16, 3),
(460, '0723-000460', '61, impasse Verdier\n18864 Texier', 'livraison', '2023-07-11 09:18:44', '2023-07-11 09:18:44', 9, 4),
(461, '0723-000461', '21, rue Lefevre\n33617 Girard', 'traiter', '2023-07-11 09:18:44', '2023-07-11 09:18:44', 19, 2),
(462, '0723-000462', '35, place de Guerin\n58817 Lefevre', 'passer', '2023-07-11 09:18:44', '2023-07-11 09:18:44', 8, 4),
(463, '0723-000463', '61, boulevard Boucher\n64316 Navarro', 'livraison', '2023-07-11 09:18:44', '2023-07-11 09:18:44', 9, 2),
(464, '0723-000464', '51, chemin François Leclerc\n15 822 BlancVille', 'passer', '2023-07-11 09:18:44', '2023-07-11 09:18:44', 9, 3),
(465, '0723-000465', '482, impasse Emmanuelle Godard\n98 558 Martins', 'annuler', '2023-07-11 09:18:44', '2023-07-11 09:18:44', 8, 3),
(466, '0723-000466', '60, avenue Capucine Remy\n28 812 Huet-les-Bains', 'livrer', '2023-07-11 09:18:44', '2023-07-11 09:18:44', 9, 3),
(467, '0723-000467', '66, rue de Georges\n43 559 Blondel-sur-Devaux', 'annuler', '2023-07-11 09:18:44', '2023-07-11 09:18:44', 19, 3),
(468, '0723-000468', '43, impasse de Rodriguez\n52 788 Becker-sur-Ollivier', 'annuler', '2023-07-11 09:18:44', '2023-07-11 09:18:44', 16, 4),
(469, '0723-000469', '917, rue de Lesage\n88466 Guillouboeuf', 'passer', '2023-07-11 09:18:44', '2023-07-11 09:18:44', 16, 4),
(470, '0723-000470', '97, place Alves\n39 909 Blondel-sur-Mer', 'livrer', '2023-07-11 09:18:44', '2023-07-11 09:18:44', 12, 2),
(471, '0723-000471', '67, chemin Jacquet\n48 025 Guillet', 'livrer', '2023-07-11 09:18:44', '2023-07-11 09:18:44', 7, 3),
(472, '0723-000472', '91, rue Allard\n57 943 Adam', 'traiter', '2023-07-11 09:18:44', '2023-07-11 09:18:44', 15, 2),
(473, '0723-000473', 'boulevard Morvan\n72 503 Bigotdan', 'livraison', '2023-07-11 09:18:44', '2023-07-11 09:18:44', 8, 3),
(474, '0723-000474', '53, rue Gilbert Hoareau\n53 252 Caron', 'livraison', '2023-07-11 09:18:44', '2023-07-11 09:18:44', 10, 3),
(475, '0723-000475', '86, rue Lopes\n19064 Masseboeuf', 'livrer', '2023-07-11 09:18:44', '2023-07-11 09:18:44', 9, 2),
(476, '0723-000476', '94, place David Guilbert\n21966 Perret-sur-Lecoq', 'livrer', '2023-07-11 09:18:44', '2023-07-11 09:18:44', 11, 3),
(477, '0723-000477', '79, avenue Ledoux\n96605 Blanc-les-Bains', 'passer', '2023-07-11 09:18:44', '2023-07-11 09:18:44', 11, 2),
(478, '0723-000478', '35, rue Bertrand\n38455 Chartier-sur-Louis', 'passer', '2023-07-11 09:18:44', '2023-07-11 09:18:44', 14, 2),
(479, '0723-000479', '2, boulevard de Lebon\n04 028 Raynaud', 'livraison', '2023-07-11 09:18:44', '2023-07-11 09:18:44', 7, 4),
(480, '0723-000480', 'place Bernard\n79032 TorresBourg', 'traiter', '2023-07-11 09:18:44', '2023-07-11 09:18:44', 7, 2),
(481, '0723-000481', '39, chemin Guillaume Moreno\n99831 Brun', 'annuler', '2023-07-11 09:18:44', '2023-07-11 09:18:44', 14, 2),
(482, '0723-000482', 'place Brun\n21587 Buisson-sur-Mer', 'annuler', '2023-07-11 09:18:44', '2023-07-11 09:18:44', 17, 3),
(483, '0723-000483', 'place Raynaud\n44 523 Gomez', 'passer', '2023-07-11 09:18:44', '2023-07-11 09:18:44', 16, 4),
(484, '0723-000484', '71, rue Charlotte Cousin\n32637 Rocher', 'livraison', '2023-07-11 09:18:44', '2023-07-11 09:18:44', 9, 4),
(485, '0723-000485', '72, boulevard Briand\n61 719 Dumas', 'annuler', '2023-07-11 09:18:44', '2023-07-11 09:18:44', 11, 3),
(486, '0723-000486', '5, boulevard Laurence Bouvier\n00424 Hernandez', 'livraison', '2023-07-11 09:18:44', '2023-07-11 09:18:44', 12, 4),
(487, '0723-000487', '69, avenue Carlier\n56 537 Hardy', 'annuler', '2023-07-11 09:18:44', '2023-07-11 09:18:44', 17, 2),
(488, '0723-000488', '2, avenue de Michaud\n40044 BonneauVille', 'passer', '2023-07-11 09:18:44', '2023-07-11 09:18:44', 10, 4),
(489, '0723-000489', '75, chemin de Noel\n55969 Masson', 'passer', '2023-07-11 09:18:44', '2023-07-11 09:18:44', 12, 4),
(490, '0723-000490', '3, chemin Gabriel Boulanger\n63183 Allain-sur-Reynaud', 'livrer', '2023-07-11 09:18:44', '2023-07-11 09:18:44', 18, 4),
(491, '0723-000491', 'impasse Luc Perrier\n49508 SanchezBourg', 'passer', '2023-07-11 09:18:44', '2023-07-11 09:18:44', 18, 4),
(492, '0723-000492', '70, rue de Guerin\n11912 Nguyen-sur-Masse', 'annuler', '2023-07-11 09:18:44', '2023-07-11 09:18:44', 16, 2),
(493, '0723-000493', 'rue Charlotte Lopez\n38195 Maillard-les-Bains', 'livrer', '2023-07-11 09:18:44', '2023-07-11 09:18:44', 9, 4),
(494, '0723-000494', '665, place Alfred Jean\n59 186 Lebon', 'livrer', '2023-07-11 09:18:44', '2023-07-11 09:18:44', 16, 2),
(495, '0723-000495', '9, chemin Bernadette Leconte\n19 280 Bouvet', 'livraison', '2023-07-11 09:18:44', '2023-07-11 09:18:44', 18, 3),
(496, '0723-000496', '35, avenue de Jacob\n01 250 Gallet-sur-Laroche', 'annuler', '2023-07-11 09:18:44', '2023-07-11 09:18:44', 8, 4),
(497, '0723-000497', 'rue Morin\n19 716 Ferrand', 'passer', '2023-07-11 09:18:44', '2023-07-11 09:18:44', 12, 4),
(498, '0723-000498', '751, boulevard de Julien\n33530 Parent', 'livrer', '2023-07-11 09:18:44', '2023-07-11 09:18:44', 9, 4),
(499, '0723-000499', 'place Yves Colin\n98 374 Leclerc-la-Forêt', 'livraison', '2023-07-11 09:18:44', '2023-07-11 09:18:44', 13, 4),
(500, '0723-000500', '45, place de Baudry\n85814 Roger', 'passer', '2023-07-11 09:18:44', '2023-07-11 09:18:44', 12, 2),
(501, '0723-000501', '98, impasse Brun\n97 182 Gaydan', 'passer', '2023-07-11 09:18:44', '2023-07-11 09:18:44', 15, 4),
(502, '0723-000502', '22, boulevard Lambert\n35 408 Dupre-sur-Richard', 'traiter', '2023-07-11 09:18:44', '2023-07-11 09:18:44', 9, 4),
(503, '0723-000503', '9, boulevard Michèle Gomes\n86539 Breton-la-Forêt', 'annuler', '2023-07-11 09:18:44', '2023-07-11 09:18:44', 7, 2),
(504, '0723-000504', '77, rue de Lopez\n38 259 Martineau-la-Forêt', 'livrer', '2023-07-11 09:18:44', '2023-07-11 09:18:44', 19, 2),
(505, '0723-000505', '55, impasse de Picard\n23 875 Joubert-sur-Mer', 'livrer', '2023-07-11 09:18:44', '2023-07-11 09:18:44', 19, 2),
(506, '0723-000506', '43, rue Bertrand Munoz\n39 412 Pereznec', 'livraison', '2023-07-11 09:18:44', '2023-07-11 09:18:44', 17, 2),
(507, '0723-000507', 'rue Marie Ramos\n66451 BruneauVille', 'passer', '2023-07-11 09:18:44', '2023-07-11 09:18:44', 10, 2),
(508, '0723-000508', 'boulevard de Leroux\n16313 Poirierdan', 'passer', '2023-07-11 09:18:44', '2023-07-11 09:18:44', 9, 3),
(509, '0723-000509', '7, rue Océane Pereira\n30401 Seguin', 'livraison', '2023-07-11 09:18:44', '2023-07-11 09:18:44', 9, 2),
(510, '0723-000510', '8, rue de Maillot\n32 956 Barbe-sur-Chartier', 'livrer', '2023-07-11 09:18:44', '2023-07-11 09:18:44', 17, 4),
(511, '0723-000511', '29, impasse Claude Martins\n34 247 Dumont', 'passer', '2023-07-11 09:18:44', '2023-07-11 09:18:44', 13, 2),
(512, '0723-000512', 'impasse de Chevalier\n85 699 FabreBourg', 'livrer', '2023-07-11 09:18:44', '2023-07-11 09:18:44', 14, 2),
(513, '0723-000513', 'rue Fleury\n57 819 Andre', 'traiter', '2023-07-11 09:18:44', '2023-07-11 09:18:44', 18, 2),
(514, '0723-000514', '61, place Louis\n69 989 Laporte', 'annuler', '2023-07-11 09:18:44', '2023-07-11 09:18:44', 7, 4),
(515, '0723-000515', '14, impasse de Gaillard\n97264 Leblanc', 'livrer', '2023-07-11 09:18:44', '2023-07-11 09:18:44', 7, 4),
(516, '0723-000516', '951, rue de Lagarde\n72811 Adam', 'livrer', '2023-07-11 09:18:44', '2023-07-11 09:18:44', 19, 3),
(517, '0723-000517', '14, avenue Pelletier\n49190 Chauvet-sur-Mer', 'annuler', '2023-07-11 09:18:44', '2023-07-11 09:18:44', 14, 4),
(518, '0723-000518', '86, place de Grondin\n26704 BouvierVille', 'livrer', '2023-07-11 09:18:44', '2023-07-11 09:18:44', 12, 4),
(519, '0723-000519', '7, chemin Marie Lebrun\n23177 Hamon', 'livrer', '2023-07-11 09:18:44', '2023-07-11 09:18:44', 11, 4),
(520, '0723-000520', '75, impasse de Mathieu\n96523 Boucher-sur-Texier', 'livraison', '2023-07-11 09:18:44', '2023-07-11 09:18:44', 18, 3),
(521, '0723-000521', '30, place Thibault\n46447 ColinVille', 'annuler', '2023-07-11 09:18:44', '2023-07-11 09:18:44', 18, 2),
(522, '0723-000522', '50, impasse de Leclercq\n25 617 Le Gall-sur-Blanc', 'passer', '2023-07-11 09:18:44', '2023-07-11 09:18:44', 15, 3),
(523, '0723-000523', '85, chemin de Goncalves\n04215 Bertrand', 'passer', '2023-07-11 09:18:44', '2023-07-11 09:18:44', 8, 2),
(524, '0723-000524', '3, impasse Margaret Dumas\n18 713 Faivrenec', 'passer', '2023-07-11 09:18:44', '2023-07-11 09:18:44', 19, 2),
(525, '0723-000525', '914, rue de Benoit\n18711 Fernandez-la-Forêt', 'livrer', '2023-07-11 09:18:44', '2023-07-11 09:18:44', 14, 4),
(526, '0723-000526', '907, avenue de Chretien\n19340 Bonnet', 'passer', '2023-07-11 09:18:44', '2023-07-11 09:18:44', 19, 4),
(527, '0723-000527', '56, place Cordier\n11 474 Lucas', 'livrer', '2023-07-11 09:18:44', '2023-07-11 09:18:44', 12, 3),
(528, '0723-000528', '39, impasse de Durand\n93 208 Georges-la-Forêt', 'livrer', '2023-07-11 09:18:44', '2023-07-11 09:18:44', 9, 4),
(529, '0723-000529', '319, place Éléonore Reynaud\n16 034 Bernardnec', 'annuler', '2023-07-11 09:18:44', '2023-07-11 09:18:44', 15, 2),
(530, '0723-000530', '2, chemin Garcia\n76 302 Maillotdan', 'passer', '2023-07-11 09:18:44', '2023-07-11 09:18:44', 13, 3),
(531, '0723-000531', '65, chemin Rousset\n18294 Renault', 'livrer', '2023-07-11 09:18:44', '2023-07-11 09:18:44', 12, 4),
(532, '0723-000532', 'rue de Hamel\n18300 Potier', 'livrer', '2023-07-11 09:18:44', '2023-07-11 09:18:44', 18, 3),
(533, '0723-000533', '35, chemin Couturier\n87 885 Guillaume', 'traiter', '2023-07-11 09:18:44', '2023-07-11 09:18:44', 10, 3),
(534, '0723-000534', '71, impasse de Mace\n33004 Grenier', 'livraison', '2023-07-11 09:18:44', '2023-07-11 09:18:44', 10, 3),
(535, '0723-000535', '707, place Hubert\n50 768 Ledoux-sur-Mer', 'passer', '2023-07-11 09:18:44', '2023-07-11 09:18:44', 19, 2),
(536, '0723-000536', 'impasse Léon Texier\n09719 Gerard-sur-Berthelot', 'passer', '2023-07-11 09:18:44', '2023-07-11 09:18:44', 14, 3),
(537, '0723-000537', '62, boulevard de Guerin\n07 636 Vaillant', 'traiter', '2023-07-11 09:18:44', '2023-07-11 09:18:44', 16, 2),
(538, '0723-000538', '8, rue de Albert\n16 519 Begueboeuf', 'annuler', '2023-07-11 09:18:44', '2023-07-11 09:18:44', 7, 2),
(539, '0723-000539', '1, rue Benoît Gaillard\n01108 Teixeira', 'livraison', '2023-07-11 09:18:44', '2023-07-11 09:18:44', 8, 2),
(540, '0723-000540', '16, rue Dominique Grenier\n72 967 Rochedan', 'livraison', '2023-07-11 09:18:44', '2023-07-11 09:18:44', 10, 2),
(541, '0723-000541', 'avenue Mallet\n90426 Pages', 'livrer', '2023-07-11 09:18:44', '2023-07-11 09:18:44', 16, 2),
(542, '0723-000542', '4, boulevard de Masse\n23431 Labbenec', 'traiter', '2023-07-11 09:18:44', '2023-07-11 09:18:44', 17, 4),
(543, '0723-000543', '91, boulevard Hélène Laporte\n73 236 Blondel', 'livraison', '2023-07-11 09:18:44', '2023-07-11 09:18:44', 18, 2),
(544, '0723-000544', '8, chemin Marc Pons\n34506 Petitjeannec', 'passer', '2023-07-11 09:18:44', '2023-07-11 09:18:44', 16, 3),
(545, '0723-000545', '36, avenue Moreno\n98209 Costaboeuf', 'livrer', '2023-07-11 09:18:44', '2023-07-11 09:18:44', 17, 2),
(546, '0723-000546', '80, impasse Mathieu\n33 394 Munoz', 'livraison', '2023-07-11 09:18:44', '2023-07-11 09:18:44', 8, 4),
(547, '0723-000547', '79, place Leclercq\n86 814 Petitjean', 'livrer', '2023-07-11 09:18:44', '2023-07-11 09:18:44', 19, 3),
(548, '0723-000548', '79, rue Victor Francois\n60928 Dumont', 'livraison', '2023-07-11 09:18:44', '2023-07-11 09:18:44', 12, 2),
(549, '0723-000549', '28, place Danielle Renaud\n19315 Da Silva-sur-Lebreton', 'passer', '2023-07-11 09:18:44', '2023-07-11 09:18:44', 10, 2),
(550, '0723-000550', 'chemin Emmanuelle Carre\n70687 Texierboeuf', 'passer', '2023-07-11 09:18:44', '2023-07-11 09:18:44', 12, 2),
(551, '0723-000551', 'place Etienne\n50502 Dupuy', 'livraison', '2023-07-11 09:18:44', '2023-07-11 09:18:44', 12, 2),
(552, '0723-000552', '86, avenue Pottier\n44631 Voisin-sur-Aubry', 'passer', '2023-07-11 09:18:44', '2023-07-11 09:18:44', 8, 2),
(553, '0723-000553', '772, boulevard de Rey\n54598 Fischer', 'livraison', '2023-07-11 09:18:44', '2023-07-11 09:18:44', 16, 3),
(554, '0723-000554', '42, boulevard de Maury\n70 413 Perretboeuf', 'livraison', '2023-07-11 09:18:44', '2023-07-11 09:18:44', 16, 3),
(555, '0723-000555', '18, chemin Lacroix\n19 457 GautierVille', 'livrer', '2023-07-11 09:18:44', '2023-07-11 09:18:44', 12, 4),
(556, '0723-000556', '37, rue de Thierry\n79 506 Richard-la-Forêt', 'passer', '2023-07-11 09:18:44', '2023-07-11 09:18:44', 8, 3),
(557, '0723-000557', '583, rue Delannoy\n15383 CamusVille', 'passer', '2023-07-11 09:18:44', '2023-07-11 09:18:44', 12, 3),
(558, '0723-000558', '92, avenue de Mathieu\n30 003 Maillot-sur-Chretien', 'livraison', '2023-07-11 09:18:44', '2023-07-11 09:18:44', 12, 3),
(559, '0723-000559', 'chemin de Boyer\n25935 Roux', 'livrer', '2023-07-11 09:18:44', '2023-07-11 09:18:44', 17, 2),
(560, '0723-000560', '4, rue de Bertrand\n33564 Legros-sur-Mer', 'annuler', '2023-07-11 09:18:44', '2023-07-11 09:18:44', 18, 2),
(561, '0723-000561', '91, impasse Martins\n44 989 Klein-la-Forêt', 'livrer', '2023-07-11 09:18:44', '2023-07-11 09:18:44', 11, 2),
(562, '0723-000562', '42, rue Marchand\n10 648 Guillaume', 'passer', '2023-07-11 09:18:44', '2023-07-11 09:18:44', 14, 3),
(563, '0723-000563', '59, rue Gros\n12 940 Lebreton-sur-Gomez', 'livrer', '2023-07-11 09:18:44', '2023-07-11 09:18:44', 19, 2),
(564, '0723-000564', 'avenue Cohen\n05403 Schmitt-la-Forêt', 'traiter', '2023-07-11 09:18:44', '2023-07-11 09:18:44', 11, 2),
(565, '0723-000565', 'impasse Legrand\n17 344 Laurent', 'livraison', '2023-07-11 09:18:44', '2023-07-11 09:18:44', 8, 4),
(566, '0723-000566', '3, rue de Mathieu\n37914 Salmon', 'traiter', '2023-07-11 09:18:44', '2023-07-11 09:18:44', 17, 2),
(567, '0723-000567', '12, impasse de Besson\n88453 Pottier', 'livraison', '2023-07-11 09:18:44', '2023-07-11 09:18:44', 9, 4),
(568, '0723-000568', '93, avenue Begue\n99331 Ferrand-la-Forêt', 'livraison', '2023-07-11 09:18:44', '2023-07-11 09:18:44', 17, 3),
(569, '0723-000569', '50, place de Grondin\n74 543 Gaillard-sur-Benoit', 'livraison', '2023-07-11 09:18:44', '2023-07-11 09:18:44', 13, 3),
(570, '0723-000570', 'chemin Legendre\n81418 Mendes', 'passer', '2023-07-11 09:18:44', '2023-07-11 09:18:44', 14, 2),
(571, '0723-000571', 'rue Legrand\n15253 Richard', 'livraison', '2023-07-11 09:18:44', '2023-07-11 09:18:44', 10, 2),
(572, '0723-000572', '62, impasse Traore\n86778 Gros', 'livraison', '2023-07-11 09:18:44', '2023-07-11 09:18:44', 17, 4),
(573, '0723-000573', '74, rue Maggie Nguyen\n90 968 Moreau', 'livraison', '2023-07-11 09:18:44', '2023-07-11 09:18:44', 15, 3),
(574, '0723-000574', 'rue de Ledoux\n50194 Bertin-les-Bains', 'annuler', '2023-07-11 09:18:44', '2023-07-11 09:18:44', 18, 3),
(575, '0723-000575', '2, rue Gilles Regnier\n13735 Pires-les-Bains', 'livraison', '2023-07-11 09:18:44', '2023-07-11 09:18:44', 18, 2),
(576, '0723-000576', '99, impasse Dorothée Guillaume\n03 928 Charriernec', 'livrer', '2023-07-11 09:18:44', '2023-07-11 09:18:44', 9, 2),
(577, '0723-000577', 'rue Marcelle Leblanc\n26 775 Lagarde', 'passer', '2023-07-11 09:18:44', '2023-07-11 09:18:44', 15, 4),
(578, '0723-000578', '4, rue Zoé Lambert\n16 753 Gallet', 'annuler', '2023-07-11 09:18:44', '2023-07-11 09:18:44', 18, 4),
(579, '0723-000579', '82, place Margaud Grondin\n29873 Lebon', 'traiter', '2023-07-11 09:18:44', '2023-07-11 09:18:44', 13, 3),
(580, '0723-000580', '29, avenue Lemoine\n40068 Lucas-sur-Besnard', 'livrer', '2023-07-11 09:18:44', '2023-07-11 09:18:44', 14, 2),
(581, '0723-000581', 'place Chretien\n74947 Jourdan', 'annuler', '2023-07-11 09:18:44', '2023-07-11 09:18:44', 18, 4),
(582, '0723-000582', '976, place Roger Marchal\n68668 Raynaud', 'passer', '2023-07-11 09:18:44', '2023-07-11 09:18:44', 10, 4),
(583, '0723-000583', '6, boulevard Alexandre\n98511 Dumont-sur-Durand', 'livrer', '2023-07-11 09:18:44', '2023-07-11 09:18:44', 7, 3),
(584, '0723-000584', '41, impasse Gosselin\n87 808 Valentin', 'traiter', '2023-07-11 09:18:44', '2023-07-11 09:18:44', 18, 4),
(585, '0723-000585', '81, chemin Camus\n50920 Mercier', 'livrer', '2023-07-11 09:18:44', '2023-07-11 09:18:44', 16, 4),
(586, '0723-000586', '29, rue Leclerc\n58 681 Verdierboeuf', 'livrer', '2023-07-11 09:18:44', '2023-07-11 09:18:44', 9, 2),
(587, '0723-000587', '8, rue Foucher\n70 541 Gonzalez', 'livraison', '2023-07-11 09:18:44', '2023-07-11 09:18:44', 14, 4),
(588, '0723-000588', 'boulevard Dos Santos\n96 884 Michel-sur-Mer', 'traiter', '2023-07-11 09:18:44', '2023-07-11 09:18:44', 16, 3),
(589, '0723-000589', '690, chemin Grenier\n08 475 Henry', 'passer', '2023-07-11 09:18:44', '2023-07-11 09:18:44', 11, 4),
(590, '0723-000590', 'chemin Guy Petit\n83 878 Guichardboeuf', 'annuler', '2023-07-11 09:18:44', '2023-07-11 09:18:44', 15, 3),
(591, '0723-000591', '687, boulevard Claude Guerin\n19 104 Baron', 'traiter', '2023-07-11 09:18:44', '2023-07-11 09:18:44', 10, 4),
(592, '0723-000592', '68, rue Riou\n08 100 Duval', 'annuler', '2023-07-11 09:18:44', '2023-07-11 09:18:44', 19, 3),
(593, '0723-000593', '89, rue Le Gall\n29 744 Chretien-les-Bains', 'annuler', '2023-07-11 09:18:44', '2023-07-11 09:18:44', 10, 3),
(594, '0723-000594', '861, impasse Louis\n03621 Gerard', 'annuler', '2023-07-11 09:18:44', '2023-07-11 09:18:44', 8, 2),
(595, '0723-000595', '1, place Delorme\n31954 Sauvage', 'livraison', '2023-07-11 09:18:44', '2023-07-11 09:18:44', 11, 2),
(596, '0723-000596', 'boulevard Aurélie Lebreton\n11 826 Delahayenec', 'livrer', '2023-07-11 09:18:44', '2023-07-11 09:18:44', 9, 3),
(597, '0723-000597', '31, rue de Michel\n14463 Regnier-la-Forêt', 'annuler', '2023-07-11 09:18:44', '2023-07-11 09:18:44', 12, 4),
(598, '0723-000598', 'place Louise Fernandes\n57062 Devaux-sur-Marechal', 'livrer', '2023-07-11 09:18:44', '2023-07-11 09:18:44', 14, 2),
(599, '0723-000599', '99, chemin Julie Gaillard\n54 997 Millet-les-Bains', 'traiter', '2023-07-11 09:18:44', '2023-07-11 09:18:44', 18, 2),
(600, '0723-000600', '68, chemin Aimée Guibert\n21 842 Gaudin', 'livraison', '2023-07-11 09:18:44', '2023-07-11 09:18:44', 11, 2),
(601, '0723-000601', '60, boulevard Thibaut Delahaye\n12558 Durand', 'livrer', '2023-07-11 09:18:44', '2023-07-11 09:18:44', 17, 2),
(602, '0723-000602', '71, impasse Cécile Pascal\n85548 PagesVille', 'livraison', '2023-07-11 09:18:44', '2023-07-11 09:18:44', 18, 2),
(603, '0723-000603', '11, rue de Hernandez\n39659 Guerin', 'annuler', '2023-07-11 09:18:44', '2023-07-11 09:18:44', 10, 4),
(604, '0723-000604', 'impasse de Barre\n48278 Chevallier', 'annuler', '2023-07-11 09:18:44', '2023-07-11 09:18:44', 9, 2),
(605, '0723-000605', 'impasse Hernandez\n30501 Laurentdan', 'traiter', '2023-07-11 09:18:44', '2023-07-11 09:18:44', 14, 4),
(606, '0723-000606', 'impasse de Bonneau\n67460 DanielVille', 'annuler', '2023-07-11 09:18:44', '2023-07-11 09:18:44', 15, 4),
(607, '0723-000607', '14, rue Thibault\n42967 Perez-la-Forêt', 'passer', '2023-07-11 09:18:44', '2023-07-11 09:18:44', 11, 4),
(608, '0723-000608', '82, avenue Virginie De Sousa\n80 518 Huet', 'annuler', '2023-07-11 09:18:44', '2023-07-11 09:18:44', 10, 4),
(609, '0723-000609', '9, impasse Grégoire Marchal\n15 904 Pottier', 'traiter', '2023-07-11 09:18:44', '2023-07-11 09:18:44', 13, 4),
(610, '0723-000610', '99, rue Nathalie Baron\n54 695 Guyon-sur-Perrier', 'traiter', '2023-07-11 09:18:44', '2023-07-11 09:18:44', 10, 4),
(611, '0723-000611', '12, boulevard Wagner\n67 800 Le RouxBourg', 'traiter', '2023-07-11 09:18:44', '2023-07-11 09:18:44', 19, 4),
(612, '0723-000612', '60, chemin Hubert\n82115 Guyon', 'passer', '2023-07-11 09:18:44', '2023-07-11 09:18:44', 11, 4),
(613, '0723-000613', '554, rue Noël Guillon\n09 962 BonnetVille', 'livrer', '2023-07-11 09:18:44', '2023-07-11 09:18:44', 18, 2),
(614, '0723-000614', '3, rue Costa\n63642 Monnier', 'livrer', '2023-07-11 09:18:44', '2023-07-11 09:18:44', 11, 3),
(615, '0723-000615', '30, boulevard Jacqueline Le Roux\n14 820 Gilles', 'livraison', '2023-07-11 09:18:44', '2023-07-11 09:18:44', 7, 4),
(616, '0723-000616', '17, boulevard de Collin\n10741 Neveu', 'traiter', '2023-07-11 09:18:44', '2023-07-11 09:18:44', 12, 3),
(617, '0723-000617', '863, boulevard de Girard\n41 082 Thibault-sur-Gonzalez', 'livraison', '2023-07-11 09:18:44', '2023-07-11 09:18:44', 16, 4),
(618, '0723-000618', '47, place Benard\n09013 David-sur-Mer', 'livrer', '2023-07-11 09:18:44', '2023-07-11 09:18:44', 10, 3),
(619, '0723-000619', 'rue de Dupuis\n47 236 Thibault', 'traiter', '2023-07-11 09:18:44', '2023-07-11 09:18:44', 18, 4),
(620, '0723-000620', '3, chemin Marie Deschamps\n82 842 Aubert', 'livrer', '2023-07-11 09:18:44', '2023-07-11 09:18:44', 16, 4),
(621, '0723-000621', '262, place Roland Le Roux\n30541 Guerin', 'annuler', '2023-07-11 09:18:44', '2023-07-11 09:18:44', 19, 3),
(622, '0723-000622', '52, avenue Bouvier\n00652 Loiseauboeuf', 'traiter', '2023-07-11 09:18:44', '2023-07-11 09:18:44', 17, 3),
(623, '0723-000623', 'chemin Herve\n97 899 Barre', 'passer', '2023-07-11 09:18:44', '2023-07-11 09:18:44', 15, 3),
(624, '0723-000624', '130, impasse Valentin\n49 713 Pelletier', 'livrer', '2023-07-11 09:18:44', '2023-07-11 09:18:44', 15, 3),
(625, '0723-000625', '88, chemin Diaz\n44 504 Loiseau-sur-Fleury', 'livrer', '2023-07-11 09:18:44', '2023-07-11 09:18:44', 11, 2),
(626, '0723-000626', '29, chemin de Hebert\n46688 Sanchez', 'livrer', '2023-07-11 09:18:44', '2023-07-11 09:18:44', 10, 2),
(627, '0723-000627', '771, impasse Jeannine Bourdon\n70145 Maurice-sur-Merle', 'livraison', '2023-07-11 09:18:44', '2023-07-11 09:18:44', 10, 3),
(628, '0723-000628', '79, rue William Pelletier\n85 613 Gauthier-sur-Mer', 'livraison', '2023-07-11 09:18:44', '2023-07-11 09:18:44', 14, 4),
(629, '0723-000629', '16, chemin Raymond\n34 502 Sanchez', 'passer', '2023-07-11 09:18:44', '2023-07-11 09:18:44', 9, 3),
(630, '0723-000630', 'chemin de Vasseur\n69 604 Rolland', 'livrer', '2023-07-11 09:18:44', '2023-07-11 09:18:44', 9, 2),
(631, '0723-000631', '700, chemin de Dumont\n49096 Millet', 'livraison', '2023-07-11 09:18:44', '2023-07-11 09:18:44', 10, 4),
(632, '0723-000632', '33, rue Rodrigues\n19464 Bouchet-sur-Masse', 'traiter', '2023-07-11 09:18:44', '2023-07-11 09:18:44', 11, 2),
(633, '0723-000633', '1, avenue Paulette Laroche\n60220 Breton', 'traiter', '2023-07-11 09:18:44', '2023-07-11 09:18:44', 13, 2),
(634, '0723-000634', '39, chemin Arthur Leroy\n13 634 Payet', 'passer', '2023-07-11 09:18:44', '2023-07-11 09:18:44', 11, 4),
(635, '0723-000635', '80, boulevard Pichon\n92 633 De Sousa', 'traiter', '2023-07-11 09:18:44', '2023-07-11 09:18:44', 10, 4),
(636, '0723-000636', '5, impasse Tristan Mary\n54684 Charpentier', 'traiter', '2023-07-11 09:18:44', '2023-07-11 09:18:44', 15, 4),
(637, '0723-000637', '98, place Philippe\n72951 Colasdan', 'passer', '2023-07-11 09:18:44', '2023-07-11 09:18:44', 16, 3),
(638, '0723-000638', '71, avenue Gaudin\n03 010 Carre-les-Bains', 'livrer', '2023-07-11 09:18:44', '2023-07-11 09:18:44', 9, 3),
(639, '0723-000639', '7, rue Duval\n17 962 Pereira-sur-Chevallier', 'livraison', '2023-07-11 09:18:44', '2023-07-11 09:18:44', 9, 2),
(640, '0723-000640', '83, boulevard Maurice Godard\n59 412 Vincent-sur-Grondin', 'annuler', '2023-07-11 09:18:44', '2023-07-11 09:18:44', 13, 3),
(641, '0723-000641', '100, avenue Charles\n92 978 Robin-sur-Mer', 'annuler', '2023-07-11 09:18:44', '2023-07-11 09:18:44', 8, 4),
(642, '0723-000642', '5, rue Aurore Lamy\n41 797 Benoitnec', 'traiter', '2023-07-11 09:18:44', '2023-07-11 09:18:44', 8, 3),
(643, '0723-000643', 'avenue Laetitia Perret\n05 810 Duval', 'annuler', '2023-07-11 09:18:44', '2023-07-11 09:18:44', 8, 2),
(644, '0723-000644', '670, rue Sauvage\n01071 Fournier', 'annuler', '2023-07-11 09:18:44', '2023-07-11 09:18:44', 10, 2),
(645, '0723-000645', '95, place de Mathieu\n15571 Giraud', 'livrer', '2023-07-11 09:18:44', '2023-07-11 09:18:44', 8, 4),
(646, '0723-000646', '39, place Imbert\n34 112 MendesBourg', 'livrer', '2023-07-11 09:18:44', '2023-07-11 09:18:44', 10, 3),
(647, '0723-000647', '30, rue Weiss\n09082 Henry', 'traiter', '2023-07-11 09:18:44', '2023-07-11 09:18:44', 13, 4),
(648, '0723-000648', '2, chemin de Georges\n26981 Bouvet-sur-Mer', 'passer', '2023-07-11 09:18:44', '2023-07-11 09:18:44', 18, 3),
(649, '0723-000649', '7, rue Monnier\n88 816 Dufour', 'livrer', '2023-07-11 09:18:44', '2023-07-11 09:18:44', 18, 4),
(650, '0723-000650', '77, chemin Christiane Brunel\n66 322 Cohen', 'livraison', '2023-07-11 09:18:44', '2023-07-11 09:18:44', 19, 2),
(651, '0723-000651', '3, place de Lemoine\n95 110 Schmitt-la-Forêt', 'passer', '2023-07-11 09:18:44', '2023-07-11 09:18:44', 8, 2),
(652, '0723-000652', '736, impasse Eugène Richard\n47097 CollinBourg', 'livraison', '2023-07-11 09:18:44', '2023-07-11 09:18:44', 13, 2),
(653, '0723-000653', '246, impasse Théophile Pichon\n16 676 CosteBourg', 'passer', '2023-07-11 09:18:44', '2023-07-11 09:18:44', 12, 4),
(654, '0723-000654', '5, chemin Océane Sauvage\n24862 Normand', 'passer', '2023-07-11 09:18:44', '2023-07-11 09:18:44', 17, 2),
(655, '0723-000655', '6, chemin de Barre\n50 957 LeclercVille', 'livraison', '2023-07-11 09:18:44', '2023-07-11 09:18:44', 16, 2),
(656, '0723-000656', '361, impasse Fleury\n19671 Roy-la-Forêt', 'traiter', '2023-07-11 09:18:44', '2023-07-11 09:18:44', 13, 2),
(657, '0723-000657', '29, chemin Lecoq\n87 019 Allain', 'livrer', '2023-07-11 09:18:44', '2023-07-11 09:18:44', 18, 4),
(658, '0723-000658', '458, chemin de Jacob\n07253 Simondan', 'annuler', '2023-07-11 09:18:44', '2023-07-11 09:18:44', 8, 2),
(659, '0723-000659', 'rue de Pereira\n10 641 Lefort', 'livrer', '2023-07-11 09:18:44', '2023-07-11 09:18:44', 17, 3),
(660, '0723-000660', '66, rue Vallee\n73692 GuibertVille', 'traiter', '2023-07-11 09:18:44', '2023-07-11 09:18:44', 10, 3),
(661, '0723-000661', '46, place Charles\n91375 Paul', 'livraison', '2023-07-11 09:18:44', '2023-07-11 09:18:44', 7, 4),
(662, '0723-000662', '16, rue Fernandes\n01229 David', 'traiter', '2023-07-11 09:18:44', '2023-07-11 09:18:44', 11, 3),
(663, '0723-000663', '80, rue de Letellier\n08331 Moulin-sur-Maury', 'passer', '2023-07-11 09:18:44', '2023-07-11 09:18:44', 14, 4),
(664, '0723-000664', '9, rue Maillet\n93558 Da CostaVille', 'passer', '2023-07-11 09:18:44', '2023-07-11 09:18:44', 19, 2),
(665, '0723-000665', 'chemin de Maillot\n38 607 Bertrand', 'livraison', '2023-07-11 09:18:44', '2023-07-11 09:18:44', 17, 4),
(666, '0723-000666', '71, boulevard de Robin\n33855 Dupreboeuf', 'livraison', '2023-07-11 09:18:44', '2023-07-11 09:18:44', 12, 4),
(667, '0723-000667', 'boulevard Alves\n97963 Martineau', 'livrer', '2023-07-11 09:18:44', '2023-07-11 09:18:44', 12, 3),
(668, '0723-000668', '47, chemin Levy\n84790 DelmasBourg', 'livrer', '2023-07-11 09:18:44', '2023-07-11 09:18:44', 11, 3),
(669, '0723-000669', '2, chemin Arnaude Charpentier\n66 306 CharpentierBourg', 'livrer', '2023-07-11 09:18:44', '2023-07-11 09:18:44', 15, 4),
(670, '0723-000670', '851, rue de Clement\n69 175 Maillard', 'livraison', '2023-07-11 09:18:44', '2023-07-11 09:18:44', 13, 2),
(671, '0723-000671', '217, rue Christelle Peltier\n72 746 Godard', 'annuler', '2023-07-11 09:18:44', '2023-07-11 09:18:44', 13, 2),
(672, '0723-000672', '27, boulevard de Petit\n22 144 Lemonnier', 'traiter', '2023-07-11 09:18:44', '2023-07-11 09:18:44', 15, 3),
(673, '0723-000673', 'rue Gillet\n09 140 Moreaudan', 'livrer', '2023-07-11 09:18:44', '2023-07-11 09:18:44', 19, 4),
(674, '0723-000674', '807, place Olivier Fournier\n84 540 Dupre', 'annuler', '2023-07-11 09:18:44', '2023-07-11 09:18:44', 9, 4),
(675, '0723-000675', '7, rue de Raymond\n22 734 Vaillant', 'traiter', '2023-07-11 09:18:44', '2023-07-11 09:18:44', 7, 4),
(676, '0723-000676', '716, chemin de Gillet\n62102 Dupre', 'traiter', '2023-07-11 09:18:44', '2023-07-11 09:18:44', 8, 3),
(677, '0723-000677', '76, avenue de Boulanger\n62902 Colin-sur-Coste', 'annuler', '2023-07-11 09:18:44', '2023-07-11 09:18:44', 18, 3),
(678, '0723-000678', '37, place Chevallier\n46967 Lenoir', 'livraison', '2023-07-11 09:18:44', '2023-07-11 09:18:44', 8, 4),
(679, '0723-000679', '267, rue Dorothée Gomez\n84 012 Bigot-la-Forêt', 'traiter', '2023-07-11 09:18:44', '2023-07-11 09:18:44', 10, 4),
(680, '0723-000680', 'rue de Moreau\n20202 Besnard', 'livrer', '2023-07-11 09:18:44', '2023-07-11 09:18:44', 15, 4),
(681, '0723-000681', 'place Rocher\n27440 Roche-les-Bains', 'annuler', '2023-07-11 09:18:44', '2023-07-11 09:18:44', 16, 4),
(682, '0723-000682', '84, impasse Lucie Dumas\n09 019 Lemonnier', 'passer', '2023-07-11 09:18:44', '2023-07-11 09:18:44', 12, 3),
(683, '0723-000683', '3, avenue Neveu\n52336 EvrardVille', 'passer', '2023-07-11 09:18:44', '2023-07-11 09:18:44', 7, 2),
(684, '0723-000684', '41, rue Bonnin\n69797 Baudry', 'annuler', '2023-07-11 09:18:44', '2023-07-11 09:18:44', 9, 3),
(685, '0723-000685', '50, impasse de Jacquot\n16311 Riounec', 'annuler', '2023-07-11 09:18:44', '2023-07-11 09:18:44', 16, 4),
(686, '0723-000686', '50, rue de Merle\n85632 LebrunVille', 'livrer', '2023-07-11 09:18:44', '2023-07-11 09:18:44', 12, 2),
(687, '0723-000687', '63, rue de Lacombe\n12 858 Meunierboeuf', 'annuler', '2023-07-11 09:18:44', '2023-07-11 09:18:44', 10, 4),
(688, '0723-000688', '43, impasse Hélène Joubert\n04 926 Petit-sur-Masse', 'traiter', '2023-07-11 09:18:44', '2023-07-11 09:18:44', 12, 3),
(689, '0723-000689', '83, rue Émile Colas\n96033 Dias', 'annuler', '2023-07-11 09:18:44', '2023-07-11 09:18:44', 11, 4),
(690, '0723-000690', 'place de Schneider\n73 838 Alves-sur-Mer', 'livraison', '2023-07-11 09:18:44', '2023-07-11 09:18:44', 19, 4),
(691, '0723-000691', '23, place Hamon\n48 379 BerthelotVille', 'traiter', '2023-07-11 09:18:44', '2023-07-11 09:18:44', 17, 2),
(692, '0723-000692', '9, chemin de Dijoux\n44 318 Blin', 'livraison', '2023-07-11 09:18:44', '2023-07-11 09:18:44', 16, 2),
(693, '0723-000693', '9, chemin de Tessier\n65 646 Godard', 'traiter', '2023-07-11 09:18:44', '2023-07-11 09:18:44', 7, 4),
(694, '0723-000694', 'impasse Guilbert\n76408 Gautiernec', 'traiter', '2023-07-11 09:18:44', '2023-07-11 09:18:44', 11, 4),
(695, '0723-000695', 'rue Patrick Mary\n33 650 Rolland-sur-Mer', 'livraison', '2023-07-11 09:18:44', '2023-07-11 09:18:44', 9, 2),
(696, '0723-000696', '19, place Dominique Fischer\n88 652 Rodriguez', 'livrer', '2023-07-11 09:18:44', '2023-07-11 09:18:44', 13, 4),
(697, '0723-000697', '60, boulevard Torres\n07 527 Breton-la-Forêt', 'annuler', '2023-07-11 09:18:44', '2023-07-11 09:18:44', 11, 2),
(698, '0723-000698', '99, rue Caroline Evrard\n21577 Gilbert', 'livrer', '2023-07-11 09:18:44', '2023-07-11 09:18:44', 11, 2),
(699, '0723-000699', '78, chemin de Legendre\n73139 Morel-les-Bains', 'passer', '2023-07-11 09:18:44', '2023-07-11 09:18:44', 11, 3),
(700, '0723-000700', '78, rue de Evrard\n71 332 Moreau', 'livrer', '2023-07-11 09:18:44', '2023-07-11 09:18:44', 19, 3),
(701, '0723-000701', '55, rue Collet\n28 418 Weber', 'annuler', '2023-07-11 09:18:44', '2023-07-11 09:18:44', 19, 2),
(702, '0723-000702', '88, chemin de Clement\n50 975 Lecoq', 'traiter', '2023-07-11 09:18:44', '2023-07-11 09:18:44', 19, 4),
(703, '0723-000703', '29, rue Antoine\n84 755 Remyboeuf', 'livrer', '2023-07-11 09:18:44', '2023-07-11 09:18:44', 12, 4),
(704, '0723-000704', '872, boulevard Durand\n98 660 Bouchetdan', 'traiter', '2023-07-11 09:18:44', '2023-07-11 09:18:44', 16, 3),
(705, '0723-000705', '58, impasse Lelievre\n70 052 Laporte', 'passer', '2023-07-11 09:18:44', '2023-07-11 09:18:44', 13, 4),
(706, '0723-000706', '80, impasse de Bertin\n97 917 Prevostboeuf', 'annuler', '2023-07-11 09:18:44', '2023-07-11 09:18:44', 10, 3),
(707, '0723-000707', '54, place de Lemoine\n98733 Danielboeuf', 'traiter', '2023-07-11 09:18:44', '2023-07-11 09:18:44', 16, 4),
(708, '0723-000708', 'impasse Laurence Dupuy\n16 783 Gosselin-la-Forêt', 'passer', '2023-07-11 09:18:44', '2023-07-11 09:18:44', 16, 3),
(709, '0723-000709', '16, rue de Weber\n34536 Buisson', 'passer', '2023-07-11 09:18:44', '2023-07-11 09:18:44', 16, 3),
(710, '0723-000710', 'avenue Margaux Laurent\n68 779 Remy-sur-Mer', 'livraison', '2023-07-11 09:18:44', '2023-07-11 09:18:44', 16, 3),
(711, '0723-000711', '9, rue Amélie Neveu\n38 785 De SousaBourg', 'livrer', '2023-07-11 09:18:44', '2023-07-11 09:18:44', 15, 4),
(712, '0723-000712', 'rue de Jean\n45 429 Bousquet', 'livrer', '2023-07-11 09:18:44', '2023-07-11 09:18:44', 13, 4),
(713, '0723-000713', '12, rue Chretien\n42323 Lesagedan', 'annuler', '2023-07-11 09:18:44', '2023-07-11 09:18:44', 10, 3),
(714, '0723-000714', '22, rue Aurélie Simon\n95 812 DavidBourg', 'livrer', '2023-07-11 09:18:44', '2023-07-11 09:18:44', 9, 2),
(715, '0723-000715', '37, rue Maryse Jacquet\n84650 Godard', 'passer', '2023-07-11 09:18:44', '2023-07-11 09:18:44', 7, 3),
(716, '0723-000716', '98, boulevard Benoît Alexandre\n05 483 Diallo', 'passer', '2023-07-11 09:18:44', '2023-07-11 09:18:44', 12, 3),
(717, '0723-000717', '3, boulevard de Gomes\n06070 Martel', 'livrer', '2023-07-11 09:18:44', '2023-07-11 09:18:44', 12, 2),
(718, '0723-000718', 'impasse de Poirier\n76 475 Bertin', 'livraison', '2023-07-11 09:18:44', '2023-07-11 09:18:44', 14, 4),
(719, '0723-000719', '42, boulevard Letellier\n00 236 Poirier', 'annuler', '2023-07-11 09:18:44', '2023-07-11 09:18:44', 17, 2),
(720, '0723-000720', '27, place Jean Bruneau\n37 407 Bousquet', 'livrer', '2023-07-11 09:18:44', '2023-07-11 09:18:44', 7, 2),
(721, '0723-000721', '280, impasse de Marchal\n78 837 Laurent-la-Forêt', 'traiter', '2023-07-11 09:18:44', '2023-07-11 09:18:44', 9, 3),
(722, '0723-000722', '36, rue de Bodin\n38 326 Alves-sur-Pinto', 'traiter', '2023-07-11 09:18:44', '2023-07-11 09:18:44', 10, 4),
(723, '0723-000723', '55, rue Gabriel Huet\n74085 Bernard', 'annuler', '2023-07-11 09:18:44', '2023-07-11 09:18:44', 17, 4),
(724, '0723-000724', '71, impasse de Fouquet\n07 993 Gros-sur-Vallee', 'passer', '2023-07-11 09:18:44', '2023-07-11 09:18:44', 14, 2),
(725, '0723-000725', '14, boulevard de Jean\n82016 Coulon-sur-Mer', 'annuler', '2023-07-11 09:18:44', '2023-07-11 09:18:44', 7, 4),
(726, '0723-000726', '24, chemin Gilbert Charpentier\n60 622 Buisson', 'traiter', '2023-07-11 09:18:44', '2023-07-11 09:18:44', 8, 4),
(727, '0723-000727', '18, impasse de Mary\n68687 RenaudVille', 'passer', '2023-07-11 09:18:44', '2023-07-11 09:18:44', 12, 2),
(728, '0723-000728', 'rue François Carpentier\n30035 Fleury-la-Forêt', 'annuler', '2023-07-11 09:18:44', '2023-07-11 09:18:44', 11, 3),
(729, '0723-000729', '636, chemin Duval\n60049 LelievreVille', 'annuler', '2023-07-11 09:18:44', '2023-07-11 09:18:44', 8, 3),
(730, '0723-000730', '25, place Pichon\n63 510 BoulangerVille', 'passer', '2023-07-11 09:18:44', '2023-07-11 09:18:44', 8, 4),
(731, '0723-000731', '84, boulevard Luc Garnier\n95 938 De Oliveira', 'livrer', '2023-07-11 09:18:44', '2023-07-11 09:18:44', 15, 3),
(732, '0723-000732', 'rue de Goncalves\n64 563 Clement', 'livrer', '2023-07-11 09:18:44', '2023-07-11 09:18:44', 12, 3),
(733, '0723-000733', '90, rue Loiseau\n59235 Raymond', 'livrer', '2023-07-11 09:18:44', '2023-07-11 09:18:44', 9, 4),
(734, '0723-000734', '78, place Perrier\n71 218 Courtois', 'passer', '2023-07-11 09:18:44', '2023-07-11 09:18:44', 7, 3),
(735, '0723-000735', '13, rue Lefort\n36175 Gaillard', 'traiter', '2023-07-11 09:18:44', '2023-07-11 09:18:44', 12, 4),
(736, '0723-000736', '51, rue Olivie Lefort\n11 506 Poulain', 'livrer', '2023-07-11 09:18:44', '2023-07-11 09:18:44', 14, 2),
(737, '0723-000737', '26, place Élodie Hernandez\n82123 Lemaire', 'annuler', '2023-07-11 09:18:44', '2023-07-11 09:18:44', 10, 3),
(738, '0723-000738', 'rue de Cohen\n52 413 GaudinVille', 'livraison', '2023-07-11 09:18:44', '2023-07-11 09:18:44', 15, 4),
(739, '0723-000739', 'boulevard Sébastien Etienne\n77897 Roy', 'passer', '2023-07-11 09:18:44', '2023-07-11 09:18:44', 17, 3),
(740, '0723-000740', '62, rue Andrée Boutin\n95262 Prevost', 'annuler', '2023-07-11 09:18:44', '2023-07-11 09:18:44', 9, 3),
(741, '0723-000741', '125, chemin Inès Michaud\n19 367 Moreauboeuf', 'livrer', '2023-07-11 09:18:44', '2023-07-11 09:18:44', 14, 4),
(742, '0723-000742', '1, boulevard de Imbert\n60 970 Bigot-sur-Pasquier', 'passer', '2023-07-11 09:18:44', '2023-07-11 09:18:44', 7, 2),
(743, '0723-000743', '57, avenue Nicole Cohen\n36 714 Moulin', 'annuler', '2023-07-11 09:18:44', '2023-07-11 09:18:44', 13, 4),
(744, '0723-000744', 'rue Paul\n31 701 Leleu', 'livraison', '2023-07-11 09:18:44', '2023-07-11 09:18:44', 11, 2),
(745, '0723-000745', 'place de Martel\n24562 Dos SantosBourg', 'livraison', '2023-07-11 09:18:44', '2023-07-11 09:18:44', 8, 2),
(746, '0723-000746', 'place de Hebert\n97 381 Descamps-sur-Mer', 'livrer', '2023-07-11 09:18:44', '2023-07-11 09:18:44', 15, 4),
(747, '0723-000747', '10, avenue de Martin\n86704 ValleeBourg', 'livraison', '2023-07-11 09:18:44', '2023-07-11 09:18:44', 10, 3),
(748, '0723-000748', '33, place Tristan Guerin\n34 019 Jacquot-sur-Mer', 'passer', '2023-07-11 09:18:44', '2023-07-11 09:18:44', 12, 3),
(749, '0723-000749', '86, impasse de Dos Santos\n75 395 Buisson', 'passer', '2023-07-11 09:18:44', '2023-07-11 09:18:44', 8, 3),
(750, '0723-000750', '13, rue de Lopes\n38941 Chauvetnec', 'annuler', '2023-07-11 09:18:44', '2023-07-11 09:18:44', 12, 4),
(751, '0723-000751', '45, avenue Munoz\n03 091 Mary', 'passer', '2023-07-11 09:18:44', '2023-07-11 09:18:44', 12, 4),
(752, '0723-000752', '47, rue Lebon\n27 039 Lenoir', 'livrer', '2023-07-11 09:18:44', '2023-07-11 09:18:44', 16, 4),
(753, '0723-000753', '89, chemin Bertin\n19432 Masson', 'traiter', '2023-07-11 09:18:44', '2023-07-11 09:18:44', 13, 4),
(754, '0723-000754', '23, place de Meunier\n52 503 Delmas-les-Bains', 'livrer', '2023-07-11 09:18:44', '2023-07-11 09:18:44', 9, 2),
(755, '0723-000755', '97, avenue Élodie Reynaud\n90 903 AlexandreVille', 'traiter', '2023-07-11 09:18:44', '2023-07-11 09:18:44', 8, 4),
(756, '0723-000756', '9, impasse Delmas\n14776 Blanchard', 'annuler', '2023-07-11 09:18:44', '2023-07-11 09:18:44', 13, 2),
(757, '0723-000757', '27, rue Bonnin\n50 605 Lecoq-sur-Mary', 'livrer', '2023-07-11 09:18:44', '2023-07-11 09:18:44', 12, 3),
(758, '0723-000758', '60, impasse Stéphane Marie\n75 719 Jourdan-sur-Valette', 'passer', '2023-07-11 09:18:44', '2023-07-11 09:18:44', 10, 4),
(759, '0723-000759', 'avenue Brun\n43 904 Gerard', 'livraison', '2023-07-11 09:18:44', '2023-07-11 09:18:44', 15, 3),
(760, '0723-000760', '38, place de Leger\n05 526 Martineau-les-Bains', 'livraison', '2023-07-11 09:18:44', '2023-07-11 09:18:44', 19, 3),
(761, '0723-000761', '991, impasse de Moulin\n89 160 MunozVille', 'livraison', '2023-07-11 09:18:44', '2023-07-11 09:18:44', 15, 3),
(762, '0723-000762', '28, rue Édouard Bertrand\n71758 Bourgeois', 'traiter', '2023-07-11 09:18:44', '2023-07-11 09:18:44', 8, 3),
(763, '0723-000763', '51, boulevard Julie Guillet\n39143 Lemonnier', 'annuler', '2023-07-11 09:18:44', '2023-07-11 09:18:44', 9, 4),
(764, '0723-000764', '88, impasse Bernard Peltier\n52 769 Morel', 'passer', '2023-07-11 09:18:44', '2023-07-11 09:18:44', 8, 2),
(765, '0723-000765', '2, impasse de Colin\n63 873 Robert', 'annuler', '2023-07-11 09:18:44', '2023-07-11 09:18:44', 13, 3),
(766, '0723-000766', '37, place Zoé Lebrun\n96067 Chauvin', 'passer', '2023-07-11 09:18:44', '2023-07-11 09:18:44', 10, 2),
(767, '0723-000767', '54, impasse Antoine Boulanger\n23 174 Seguindan', 'livraison', '2023-07-11 09:18:44', '2023-07-11 09:18:44', 8, 3),
(768, '0723-000768', '2, place de Andre\n56626 Chartier', 'traiter', '2023-07-11 09:18:44', '2023-07-11 09:18:44', 7, 2),
(769, '0723-000769', '54, rue Henri Fontaine\n50658 LemaitreBourg', 'livrer', '2023-07-11 09:18:44', '2023-07-11 09:18:44', 8, 3),
(770, '0723-000770', 'chemin Eugène Chauveau\n90744 Dijoux', 'passer', '2023-07-11 09:18:44', '2023-07-11 09:18:44', 19, 2),
(771, '0723-000771', '104, rue Godard\n65 591 Bertrand-sur-Sauvage', 'livraison', '2023-07-11 09:18:44', '2023-07-11 09:18:44', 8, 4),
(772, '0723-000772', '176, rue de Leger\n54373 Delmas-sur-Carpentier', 'livrer', '2023-07-11 09:18:44', '2023-07-11 09:18:44', 14, 4),
(773, '0723-000773', '1, place Valentine Legros\n61 127 Joly', 'livraison', '2023-07-11 09:18:44', '2023-07-11 09:18:44', 10, 3),
(774, '0723-000774', '68, impasse Lambert\n20 559 Lacombe-sur-Georges', 'livraison', '2023-07-11 09:18:44', '2023-07-11 09:18:44', 10, 4),
(775, '0723-000775', '30, rue de Gaudin\n67348 Foucher-les-Bains', 'passer', '2023-07-11 09:18:44', '2023-07-11 09:18:44', 12, 4),
(776, '0723-000776', '25, rue Leclercq\n49 844 Lenoir-sur-Martins', 'livrer', '2023-07-11 09:18:44', '2023-07-11 09:18:44', 18, 4),
(777, '0723-000777', '74, rue Weiss\n88664 Riviere', 'traiter', '2023-07-11 09:18:44', '2023-07-11 09:18:44', 11, 2),
(778, '0723-000778', '360, avenue de Marchand\n01 980 Caron-sur-Raymond', 'livrer', '2023-07-11 09:18:44', '2023-07-11 09:18:44', 16, 2),
(779, '0723-000779', '9, chemin Dominique Barre\n08 187 Leduc', 'traiter', '2023-07-11 09:18:44', '2023-07-11 09:18:44', 16, 2),
(780, '0723-000780', 'place Susan Michel\n78 074 Lefevre-les-Bains', 'passer', '2023-07-11 09:18:44', '2023-07-11 09:18:44', 9, 3),
(781, '0723-000781', '89, rue de Martins\n97 074 Techer-sur-Mer', 'livrer', '2023-07-11 09:18:44', '2023-07-11 09:18:44', 8, 4),
(782, '0723-000782', '29, rue Nguyen\n77448 David', 'livraison', '2023-07-11 09:18:44', '2023-07-11 09:18:44', 16, 2),
(783, '0723-000783', '68, impasse Riou\n04187 Ollivierdan', 'traiter', '2023-07-11 09:18:44', '2023-07-11 09:18:44', 16, 4),
(784, '0723-000784', '98, avenue de Simon\n22806 Boucher', 'passer', '2023-07-11 09:18:44', '2023-07-11 09:18:44', 11, 4),
(785, '0723-000785', '18, rue Daniel\n10 667 Maryboeuf', 'passer', '2023-07-11 09:18:44', '2023-07-11 09:18:44', 16, 3),
(786, '0723-000786', 'avenue Tristan Martin\n37188 Guilletdan', 'annuler', '2023-07-11 09:18:44', '2023-07-11 09:18:44', 17, 4),
(787, '0723-000787', '50, place Christiane Couturier\n30 856 Parentdan', 'traiter', '2023-07-11 09:18:44', '2023-07-11 09:18:44', 10, 3),
(788, '0723-000788', '981, rue Evrard\n26562 Pierre', 'annuler', '2023-07-11 09:18:44', '2023-07-11 09:18:44', 13, 2),
(789, '0723-000789', 'place Anne Bonnet\n78 433 Langlois', 'traiter', '2023-07-11 09:18:44', '2023-07-11 09:18:44', 10, 3),
(790, '0723-000790', '42, rue Joseph Millet\n40 611 Massenec', 'traiter', '2023-07-11 09:18:44', '2023-07-11 09:18:44', 8, 3),
(791, '0723-000791', 'chemin de Maurice\n00 965 Hoareau-les-Bains', 'livrer', '2023-07-11 09:18:44', '2023-07-11 09:18:44', 12, 4),
(792, '0723-000792', 'rue de Berthelot\n54055 Seguin-les-Bains', 'annuler', '2023-07-11 09:18:44', '2023-07-11 09:18:44', 15, 2);
INSERT INTO `commandes` (`id`, `numero`, `adresse`, `statut`, `created_at`, `updated_at`, `client_id`, `livreur_id`) VALUES
(793, '0723-000793', '29, chemin Lucie Bouvier\n74108 JourdanBourg', 'annuler', '2023-07-11 09:18:44', '2023-07-11 09:18:44', 9, 3),
(794, '0723-000794', '620, avenue Raymond Chauvin\n02946 Girard-sur-Humbert', 'livrer', '2023-07-11 09:18:44', '2023-07-11 09:18:44', 10, 2),
(795, '0723-000795', '70, place Margaret Guillot\n38120 Ferreiraboeuf', 'traiter', '2023-07-11 09:18:44', '2023-07-11 09:18:44', 13, 4),
(796, '0723-000796', '8, boulevard Michaud\n27 474 Collet-les-Bains', 'traiter', '2023-07-11 09:18:44', '2023-07-11 09:18:44', 17, 4),
(797, '0723-000797', '35, chemin Daniel Pires\n15496 Charrier', 'passer', '2023-07-11 09:18:44', '2023-07-11 09:18:44', 13, 4),
(798, '0723-000798', '19, boulevard de Gonzalez\n64 177 Lebrun', 'passer', '2023-07-11 09:18:44', '2023-07-11 09:18:44', 10, 2),
(799, '0723-000799', '15, impasse Barthelemy\n76 176 Hoarau', 'livraison', '2023-07-11 09:18:44', '2023-07-11 09:18:44', 13, 2),
(800, '0723-000800', '73, chemin Fouquet\n22472 Laporte', 'passer', '2023-07-11 09:18:44', '2023-07-11 09:18:44', 18, 2),
(801, '0723-000801', '31, chemin Gaillard\n72091 Louis-les-Bains', 'passer', '2023-07-11 09:18:44', '2023-07-11 09:18:44', 19, 3),
(802, '0723-000802', '337, place Amélie Barbe\n26 398 Meyer-les-Bains', 'passer', '2023-07-11 09:18:44', '2023-07-11 09:18:44', 19, 3),
(803, '0723-000803', '70, place Guillaume Bonneau\n86462 Diallo', 'passer', '2023-07-11 09:18:44', '2023-07-11 09:18:44', 9, 2),
(804, '0723-000804', '90, avenue Guerin\n72347 BertinBourg', 'livrer', '2023-07-11 09:18:44', '2023-07-11 09:18:44', 12, 2),
(805, '0723-000805', '369, impasse de Leconte\n34911 GalletVille', 'livrer', '2023-07-11 09:18:44', '2023-07-11 09:18:44', 14, 3),
(806, '0723-000806', '189, chemin Michelle Gauthier\n67 813 Charrier-sur-Foucher', 'livraison', '2023-07-11 09:18:44', '2023-07-11 09:18:44', 17, 4),
(807, '0723-000807', '31, avenue Delahaye\n57398 Dialloboeuf', 'traiter', '2023-07-11 09:18:44', '2023-07-11 09:18:44', 16, 3),
(808, '0723-000808', '548, impasse Jacques Lacombe\n98 535 Vallee-la-Forêt', 'annuler', '2023-07-11 09:18:44', '2023-07-11 09:18:44', 19, 2),
(809, '0723-000809', '51, place Lucas Pichon\n79828 Da Silva', 'passer', '2023-07-11 09:18:44', '2023-07-11 09:18:44', 18, 2),
(810, '0723-000810', 'chemin Deschamps\n88 558 Leleu', 'passer', '2023-07-11 09:18:44', '2023-07-11 09:18:44', 9, 4),
(811, '0723-000811', '56, impasse Augustin Denis\n75 443 Mathieu-sur-Mer', 'livrer', '2023-07-11 09:18:44', '2023-07-11 09:18:44', 15, 4),
(812, '0723-000812', '276, impasse de Boyer\n04 257 Arnaud', 'livraison', '2023-07-11 09:18:44', '2023-07-11 09:18:44', 13, 2),
(813, '0723-000813', '32, avenue Gosselin\n02 885 Voisin', 'livrer', '2023-07-11 09:18:44', '2023-07-11 09:18:44', 18, 2),
(814, '0723-000814', '14, place Roy\n32354 Dumas', 'annuler', '2023-07-11 09:18:44', '2023-07-11 09:18:44', 7, 2),
(815, '0723-000815', '663, impasse Gabrielle Besnard\n03938 Lacombe-sur-Mer', 'annuler', '2023-07-11 09:18:44', '2023-07-11 09:18:44', 16, 2),
(816, '0723-000816', '937, chemin Rodriguez\n22005 Lambert-sur-Mer', 'traiter', '2023-07-11 09:18:44', '2023-07-11 09:18:44', 16, 2),
(817, '0723-000817', '7, rue Turpin\n38 753 EvrardBourg', 'traiter', '2023-07-11 09:18:44', '2023-07-11 09:18:44', 11, 2),
(818, '0723-000818', '56, avenue de Grenier\n02297 Labbe', 'traiter', '2023-07-11 09:18:44', '2023-07-11 09:18:44', 12, 3),
(819, '0723-000819', '49, rue Devaux\n47397 Gosselin-la-Forêt', 'traiter', '2023-07-11 09:18:44', '2023-07-11 09:18:44', 15, 3),
(820, '0723-000820', '868, rue Louis Barre\n51291 Camusnec', 'annuler', '2023-07-11 09:18:44', '2023-07-11 09:18:44', 8, 4),
(821, '0723-000821', '13, place Christelle Blot\n07630 Guerin', 'traiter', '2023-07-11 09:18:44', '2023-07-11 09:18:44', 18, 4),
(822, '0723-000822', '914, rue Henri Marty\n49 883 BouvetBourg', 'livraison', '2023-07-11 09:18:44', '2023-07-11 09:18:44', 7, 4),
(823, '0723-000823', '14, rue de Rossi\n63 898 Besnardnec', 'livrer', '2023-07-11 09:18:44', '2023-07-11 09:18:44', 17, 2),
(824, '0723-000824', '12, rue Marcel Briand\n34530 Berger-sur-Hoareau', 'traiter', '2023-07-11 09:18:44', '2023-07-11 09:18:44', 11, 2),
(825, '0723-000825', '86, rue Alphonse Morel\n26 819 Barre', 'livrer', '2023-07-11 09:18:44', '2023-07-11 09:18:44', 18, 4),
(826, '0723-000826', 'rue Didier\n30851 Mallet', 'livrer', '2023-07-11 09:18:44', '2023-07-11 09:18:44', 16, 3),
(827, '0723-000827', '90, place de Baudry\n99309 Monnier-les-Bains', 'traiter', '2023-07-11 09:18:44', '2023-07-11 09:18:44', 18, 2),
(828, '0723-000828', 'place Valentine Colas\n80555 Brundan', 'livraison', '2023-07-11 09:18:44', '2023-07-11 09:18:44', 13, 2),
(829, '0723-000829', '855, rue Barbe\n58 371 Blin-sur-Bernard', 'annuler', '2023-07-11 09:18:44', '2023-07-11 09:18:44', 13, 2),
(830, '0723-000830', '738, impasse Roland Huet\n50 770 RichardBourg', 'livrer', '2023-07-11 09:18:44', '2023-07-11 09:18:44', 19, 4),
(831, '0723-000831', 'impasse Margaud Adam\n65300 Weber', 'annuler', '2023-07-11 09:18:44', '2023-07-11 09:18:44', 12, 2),
(832, '0723-000832', '71, chemin Nathalie Ledoux\n47559 Fischer', 'livraison', '2023-07-11 09:18:44', '2023-07-11 09:18:44', 16, 3),
(833, '0723-000833', '66, rue Fernandez\n52179 Joubert', 'livrer', '2023-07-11 09:18:44', '2023-07-11 09:18:44', 9, 3),
(834, '0723-000834', '48, rue Alphonse Albert\n86 358 Letellierboeuf', 'livrer', '2023-07-11 09:18:44', '2023-07-11 09:18:44', 9, 4),
(835, '0723-000835', '64, rue Perret\n46 003 Bourdon', 'livraison', '2023-07-11 09:18:44', '2023-07-11 09:18:44', 12, 4),
(836, '0723-000836', '57, chemin Clement\n97 689 Lopes-sur-Mer', 'livraison', '2023-07-11 09:18:44', '2023-07-11 09:18:44', 7, 2),
(837, '0723-000837', '52, chemin de Rousseau\n83595 Garnier', 'livrer', '2023-07-11 09:18:44', '2023-07-11 09:18:44', 16, 2),
(838, '0723-000838', '96, rue de Sauvage\n22991 Langloisboeuf', 'traiter', '2023-07-11 09:18:44', '2023-07-11 09:18:44', 9, 4),
(839, '0723-000839', '82, rue Salmon\n66 248 Clement', 'traiter', '2023-07-11 09:18:44', '2023-07-11 09:18:44', 13, 2),
(840, '0723-000840', '9, chemin de Diallo\n18 605 Martinez', 'livrer', '2023-07-11 09:18:44', '2023-07-11 09:18:44', 12, 3),
(841, '0723-000841', '3, place Daniel Maillet\n28469 Lacombe-sur-Mer', 'livrer', '2023-07-11 09:18:44', '2023-07-11 09:18:44', 15, 4),
(842, '0723-000842', '3, avenue Martin Martinez\n79 703 Baillydan', 'annuler', '2023-07-11 09:18:44', '2023-07-11 09:18:44', 10, 2),
(843, '0723-000843', '200, place Vincent Lambert\n19 995 Vidal-sur-Gilbert', 'passer', '2023-07-11 09:18:44', '2023-07-11 09:18:44', 19, 4),
(844, '0723-000844', '9, impasse de Imbert\n62440 Cohen-la-Forêt', 'annuler', '2023-07-11 09:18:44', '2023-07-11 09:18:44', 9, 2),
(845, '0723-000845', '6, rue Collin\n62 475 Ribeiro', 'livrer', '2023-07-11 09:18:44', '2023-07-11 09:18:44', 15, 4),
(846, '0723-000846', '41, place Mallet\n50314 Toussaint', 'livraison', '2023-07-11 09:18:44', '2023-07-11 09:18:44', 8, 4),
(847, '0723-000847', 'rue Faivre\n08978 Paul', 'passer', '2023-07-11 09:18:44', '2023-07-11 09:18:44', 12, 3),
(848, '0723-000848', 'avenue Joubert\n88182 Rossi-sur-Raymond', 'traiter', '2023-07-11 09:18:44', '2023-07-11 09:18:44', 17, 2),
(849, '0723-000849', '1, avenue Bernard\n70 345 Denisnec', 'annuler', '2023-07-11 09:18:44', '2023-07-11 09:18:44', 15, 3),
(850, '0723-000850', 'avenue de Didier\n21 029 Ledoux', 'annuler', '2023-07-11 09:18:44', '2023-07-11 09:18:44', 12, 3),
(851, '0723-000851', '724, place de Allard\n98 269 Hamel-les-Bains', 'livraison', '2023-07-11 09:18:44', '2023-07-11 09:18:44', 12, 3),
(852, '0723-000852', '80, boulevard David Jourdan\n22231 Laportenec', 'passer', '2023-07-11 09:18:44', '2023-07-11 09:18:44', 9, 2),
(853, '0723-000853', '13, rue Claude Dos Santos\n07 639 Perret', 'annuler', '2023-07-11 09:18:44', '2023-07-11 09:18:44', 12, 3),
(854, '0723-000854', '8, rue de Leclercq\n27 058 Ledoux', 'traiter', '2023-07-11 09:18:44', '2023-07-11 09:18:44', 15, 3),
(855, '0723-000855', '49, place Bonneau\n43 892 Nguyen-sur-Toussaint', 'annuler', '2023-07-11 09:18:44', '2023-07-11 09:18:44', 12, 3),
(856, '0723-000856', '297, avenue Margot Daniel\n44 674 Riou', 'annuler', '2023-07-11 09:18:44', '2023-07-11 09:18:44', 15, 3),
(857, '0723-000857', '81, rue de Ruiz\n71872 Gros', 'livraison', '2023-07-11 09:18:44', '2023-07-11 09:18:44', 14, 4),
(858, '0723-000858', '86, avenue de Garcia\n64048 Bertrand', 'annuler', '2023-07-11 09:18:44', '2023-07-11 09:18:44', 13, 2),
(859, '0723-000859', 'impasse de Hebert\n78967 Langlois', 'passer', '2023-07-11 09:18:44', '2023-07-11 09:18:44', 17, 4),
(860, '0723-000860', 'avenue de Imbert\n53404 Barre', 'annuler', '2023-07-11 09:18:44', '2023-07-11 09:18:44', 12, 4),
(861, '0723-000861', '34, chemin Roger Dufour\n87040 Regnier-sur-Rossi', 'livrer', '2023-07-11 09:18:44', '2023-07-11 09:18:44', 17, 2),
(862, '0723-000862', '57, rue Célina Dumas\n57 870 Sauvage-la-Forêt', 'livraison', '2023-07-11 09:18:44', '2023-07-11 09:18:44', 18, 3),
(863, '0723-000863', '21, boulevard Michel Riviere\n43808 Bigot-sur-Klein', 'traiter', '2023-07-11 09:18:44', '2023-07-11 09:18:44', 11, 4),
(864, '0723-000864', '98, impasse Camille Leconte\n31 508 Joly', 'livrer', '2023-07-11 09:18:44', '2023-07-11 09:18:44', 19, 2),
(865, '0723-000865', '486, boulevard Lopez\n40 092 Leroy-sur-Vaillant', 'livraison', '2023-07-11 09:18:44', '2023-07-11 09:18:44', 18, 2),
(866, '0723-000866', '8, place Franck Pascal\n72 672 Le RouxVille', 'livraison', '2023-07-11 09:18:44', '2023-07-11 09:18:44', 17, 3),
(867, '0723-000867', '4, chemin Renaud\n78 425 Simon', 'livrer', '2023-07-11 09:18:44', '2023-07-11 09:18:44', 14, 4),
(868, '0723-000868', '75, avenue Patrick Ruiz\n29811 Sauvage', 'livraison', '2023-07-11 09:18:44', '2023-07-11 09:18:44', 19, 2),
(869, '0723-000869', '931, rue Lucy Buisson\n24735 Pelletier', 'annuler', '2023-07-11 09:18:44', '2023-07-11 09:18:44', 17, 2),
(870, '0723-000870', '23, impasse de Laurent\n67591 Schneider-la-Forêt', 'passer', '2023-07-11 09:18:44', '2023-07-11 09:18:44', 8, 2),
(871, '0723-000871', '84, rue de Sanchez\n84056 Rousseaunec', 'annuler', '2023-07-11 09:18:44', '2023-07-11 09:18:44', 19, 3),
(872, '0723-000872', '54, avenue de Louis\n51122 Girardboeuf', 'annuler', '2023-07-11 09:18:44', '2023-07-11 09:18:44', 19, 2),
(873, '0723-000873', '60, place Thibaut Vasseur\n87 716 Boulay', 'traiter', '2023-07-11 09:18:44', '2023-07-11 09:18:44', 19, 3),
(874, '0723-000874', 'chemin de Alves\n37 476 FaureVille', 'livrer', '2023-07-11 09:18:44', '2023-07-11 09:18:44', 19, 4),
(875, '0723-000875', 'rue Michaud\n98839 Reynaud', 'livraison', '2023-07-11 09:18:44', '2023-07-11 09:18:44', 9, 4),
(876, '0723-000876', '15, rue de Alves\n25337 Gonzalezboeuf', 'annuler', '2023-07-11 09:18:44', '2023-07-11 09:18:44', 13, 4),
(877, '0723-000877', '57, rue de Cordier\n18835 MarionVille', 'passer', '2023-07-11 09:18:44', '2023-07-11 09:18:44', 8, 3),
(878, '0723-000878', '8, place de Costa\n94 826 Gregoire-sur-Baron', 'passer', '2023-07-11 09:18:44', '2023-07-11 09:18:44', 11, 4),
(879, '0723-000879', '78, rue Rousseau\n86 654 Bailly', 'traiter', '2023-07-11 09:18:44', '2023-07-11 09:18:44', 7, 3),
(880, '0723-000880', '47, boulevard de Lejeune\n70 253 Munoz-la-Forêt', 'annuler', '2023-07-11 09:18:44', '2023-07-11 09:18:44', 7, 4),
(881, '0723-000881', '6, rue de Boulanger\n71099 Moulin', 'passer', '2023-07-11 09:18:44', '2023-07-11 09:18:44', 9, 3),
(882, '0723-000882', '80, rue Guy Marion\n44 940 Teixeiradan', 'annuler', '2023-07-11 09:18:44', '2023-07-11 09:18:44', 16, 2),
(883, '0723-000883', '14, rue Louis Denis\n77 224 Pons', 'annuler', '2023-07-11 09:18:44', '2023-07-11 09:18:44', 16, 2),
(884, '0723-000884', '39, rue Mallet\n66959 Leblanc-sur-Garnier', 'passer', '2023-07-11 09:18:44', '2023-07-11 09:18:44', 17, 2),
(885, '0723-000885', '886, chemin Rossi\n90621 Chretien-sur-Nguyen', 'passer', '2023-07-11 09:18:44', '2023-07-11 09:18:44', 15, 2),
(886, '0723-000886', '65, place Maillard\n45984 Riou', 'annuler', '2023-07-11 09:18:44', '2023-07-11 09:18:44', 10, 2),
(887, '0723-000887', '62, boulevard de Hernandez\n22 309 Schneider', 'livraison', '2023-07-11 09:18:44', '2023-07-11 09:18:44', 8, 4),
(888, '0723-000888', 'chemin de Dubois\n03 793 BrunVille', 'traiter', '2023-07-11 09:18:44', '2023-07-11 09:18:44', 15, 3),
(889, '0723-000889', '86, chemin Michaud\n24739 Fischer', 'livraison', '2023-07-11 09:18:44', '2023-07-11 09:18:44', 18, 3),
(890, '0723-000890', 'boulevard Guyon\n63730 Diasboeuf', 'livrer', '2023-07-11 09:18:44', '2023-07-11 09:18:44', 14, 2),
(891, '0723-000891', '9, boulevard de Martineau\n05809 Tessierboeuf', 'annuler', '2023-07-11 09:18:44', '2023-07-11 09:18:44', 12, 4),
(892, '0723-000892', '6, impasse Huet\n07272 Brunel-sur-Leger', 'livrer', '2023-07-11 09:18:44', '2023-07-11 09:18:44', 15, 4),
(893, '0723-000893', '6, rue Marty\n54384 Gaudin-sur-Paris', 'livraison', '2023-07-11 09:18:44', '2023-07-11 09:18:44', 16, 2),
(894, '0723-000894', '12, chemin Leduc\n62067 MorinBourg', 'traiter', '2023-07-11 09:18:44', '2023-07-11 09:18:44', 17, 2),
(895, '0723-000895', '67, place de Bernier\n57494 Briand', 'traiter', '2023-07-11 09:18:44', '2023-07-11 09:18:44', 14, 3),
(896, '0723-000896', '28, avenue Victor Marchal\n59011 Blondel-sur-Mer', 'traiter', '2023-07-11 09:18:44', '2023-07-11 09:18:44', 15, 3),
(897, '0723-000897', '450, boulevard de Robin\n94414 Lebon', 'livrer', '2023-07-11 09:18:44', '2023-07-11 09:18:44', 11, 2),
(898, '0723-000898', 'boulevard de Charles\n54 185 Poulain-sur-Masse', 'passer', '2023-07-11 09:18:44', '2023-07-11 09:18:44', 9, 4),
(899, '0723-000899', '31, boulevard de Adam\n22298 Francois', 'livraison', '2023-07-11 09:18:44', '2023-07-11 09:18:44', 16, 2),
(900, '0723-000900', '97, chemin Denise Voisin\n75 624 Peltier', 'livrer', '2023-07-11 09:18:44', '2023-07-11 09:18:44', 14, 3),
(901, '0723-000901', '23, boulevard de Rolland\n48 930 Navarro', 'annuler', '2023-07-11 09:18:44', '2023-07-11 09:18:44', 18, 4),
(902, '0723-000902', '83, place Fischer\n36 405 Weber', 'passer', '2023-07-11 09:18:44', '2023-07-11 09:18:44', 10, 2),
(903, '0723-000903', '7, impasse Susanne Francois\n06626 Lebon', 'livraison', '2023-07-11 09:18:44', '2023-07-11 09:18:44', 13, 3),
(904, '0723-000904', '180, boulevard Guillou\n39 234 Mallet', 'passer', '2023-07-11 09:18:44', '2023-07-11 09:18:44', 14, 3),
(905, '0723-000905', '72, rue Laurent Langlois\n93 387 Brunet', 'livraison', '2023-07-11 09:18:44', '2023-07-11 09:18:44', 13, 2),
(906, '0723-000906', '7, chemin de Peron\n51 728 Lemaireboeuf', 'annuler', '2023-07-11 09:18:44', '2023-07-11 09:18:44', 10, 4),
(907, '0723-000907', '83, boulevard André Ruiz\n91231 Fischer', 'livrer', '2023-07-11 09:18:44', '2023-07-11 09:18:44', 11, 4),
(908, '0723-000908', '61, avenue de Pasquier\n39 743 Moulin-les-Bains', 'traiter', '2023-07-11 09:18:44', '2023-07-11 09:18:44', 9, 4),
(909, '0723-000909', '14, avenue Paul\n06929 LangloisBourg', 'passer', '2023-07-11 09:18:44', '2023-07-11 09:18:44', 9, 3),
(910, '0723-000910', '8, place Carre\n33 045 Delannoy', 'traiter', '2023-07-11 09:18:44', '2023-07-11 09:18:44', 8, 2),
(911, '0723-000911', '13, impasse Frédéric Didier\n23 313 Merleboeuf', 'traiter', '2023-07-11 09:18:44', '2023-07-11 09:18:44', 7, 2),
(912, '0723-000912', '7, avenue Cousin\n83100 Lenoir-sur-David', 'annuler', '2023-07-11 09:18:44', '2023-07-11 09:18:44', 8, 3),
(913, '0723-000913', '17, rue Dupre\n33508 Dumont', 'traiter', '2023-07-11 09:18:44', '2023-07-11 09:18:44', 16, 3),
(914, '0723-000914', 'rue Torres\n14 205 Bernier', 'livrer', '2023-07-11 09:18:44', '2023-07-11 09:18:44', 8, 4),
(915, '0723-000915', 'impasse Isabelle Pages\n33242 Fouquet', 'traiter', '2023-07-11 09:18:44', '2023-07-11 09:18:44', 16, 2),
(916, '0723-000916', '57, avenue de Rolland\n14217 Bousquetboeuf', 'passer', '2023-07-11 09:18:44', '2023-07-11 09:18:44', 16, 4),
(917, '0723-000917', 'avenue Yves Albert\n34670 Maillet-les-Bains', 'livrer', '2023-07-11 09:18:44', '2023-07-11 09:18:44', 15, 4),
(918, '0723-000918', '833, chemin de Merle\n33 501 Fischer', 'livrer', '2023-07-11 09:18:44', '2023-07-11 09:18:44', 17, 4),
(919, '0723-000919', '91, impasse Couturier\n96 350 Delahaye-sur-Lemonnier', 'livraison', '2023-07-11 09:18:44', '2023-07-11 09:18:44', 7, 4),
(920, '0723-000920', 'boulevard de Marques\n99 620 Hoarau', 'livraison', '2023-07-11 09:18:44', '2023-07-11 09:18:44', 18, 2),
(921, '0723-000921', 'impasse de Ruiz\n64 661 GeorgesVille', 'livrer', '2023-07-11 09:18:44', '2023-07-11 09:18:44', 10, 2),
(922, '0723-000922', '57, place de Poulain\n32 154 Gilles-sur-Jacquet', 'traiter', '2023-07-11 09:18:44', '2023-07-11 09:18:44', 8, 4),
(923, '0723-000923', 'avenue Maillet\n47124 Masson-sur-Maurice', 'traiter', '2023-07-11 09:18:44', '2023-07-11 09:18:44', 10, 2),
(924, '0723-000924', 'rue Hamel\n32 323 Foucher-sur-Herve', 'traiter', '2023-07-11 09:18:44', '2023-07-11 09:18:44', 9, 4),
(925, '0723-000925', '88, chemin Gilles\n72208 De Sousa', 'traiter', '2023-07-11 09:18:44', '2023-07-11 09:18:44', 14, 2),
(926, '0723-000926', '98, avenue Pires\n56 619 Blanchet', 'livraison', '2023-07-11 09:18:44', '2023-07-11 09:18:44', 18, 3),
(927, '0723-000927', 'impasse de Rossi\n53 958 Petitjean-sur-Delannoy', 'traiter', '2023-07-11 09:18:44', '2023-07-11 09:18:44', 16, 4),
(928, '0723-000928', '62, rue Isabelle Neveu\n57931 Barbier-sur-Noel', 'passer', '2023-07-11 09:18:44', '2023-07-11 09:18:44', 15, 2),
(929, '0723-000929', '4, chemin de Gilbert\n04167 Martinez', 'passer', '2023-07-11 09:18:44', '2023-07-11 09:18:44', 11, 4),
(930, '0723-000930', '2, rue Merle\n01368 Hernandez', 'annuler', '2023-07-11 09:18:44', '2023-07-11 09:18:44', 12, 3),
(931, '0723-000931', '69, chemin de Collet\n11664 Daniel', 'livrer', '2023-07-11 09:18:44', '2023-07-11 09:18:44', 7, 3),
(932, '0723-000932', '260, rue Robert Laine\n60352 Clerc', 'annuler', '2023-07-11 09:18:44', '2023-07-11 09:18:44', 12, 4),
(933, '0723-000933', 'impasse Michelle Barbe\n72 381 Vallee-sur-Mace', 'annuler', '2023-07-11 09:18:44', '2023-07-11 09:18:44', 12, 4),
(934, '0723-000934', '4, rue Richard Blot\n69 183 Vallee', 'passer', '2023-07-11 09:18:44', '2023-07-11 09:18:44', 7, 2),
(935, '0723-000935', 'chemin Morel\n40795 Munoz', 'annuler', '2023-07-11 09:18:44', '2023-07-11 09:18:44', 18, 2),
(936, '0723-000936', 'boulevard Denis Lefevre\n97054 Mathieu', 'livrer', '2023-07-11 09:18:44', '2023-07-11 09:18:44', 19, 4),
(937, '0723-000937', '857, chemin Pierre Leclercq\n60149 Mace', 'livraison', '2023-07-11 09:18:44', '2023-07-11 09:18:44', 9, 3),
(938, '0723-000938', '5, rue de Barbier\n57217 VaillantBourg', 'annuler', '2023-07-11 09:18:44', '2023-07-11 09:18:44', 14, 4),
(939, '0723-000939', '75, avenue de Guilbert\n52 332 Gosselin', 'annuler', '2023-07-11 09:18:44', '2023-07-11 09:18:44', 16, 2),
(940, '0723-000940', '1, rue Benoît Poirier\n74618 Poirier', 'livrer', '2023-07-11 09:18:44', '2023-07-11 09:18:44', 8, 4),
(941, '0723-000941', 'chemin de Martin\n88082 Charlesnec', 'livrer', '2023-07-11 09:18:44', '2023-07-11 09:18:44', 9, 2),
(942, '0723-000942', '34, impasse François Marques\n50 715 Martin', 'traiter', '2023-07-11 09:18:44', '2023-07-11 09:18:44', 16, 2),
(943, '0723-000943', '47, impasse Sabine Labbe\n36091 Vincent', 'traiter', '2023-07-11 09:18:44', '2023-07-11 09:18:44', 7, 4),
(944, '0723-000944', 'impasse de Marty\n33 898 Nguyen-la-Forêt', 'passer', '2023-07-11 09:18:44', '2023-07-11 09:18:44', 14, 4),
(945, '0723-000945', '22, chemin Lemaire\n12 921 DupontBourg', 'livraison', '2023-07-11 09:18:44', '2023-07-11 09:18:44', 10, 3),
(946, '0723-000946', 'boulevard de Robert\n04 519 Dupuydan', 'livrer', '2023-07-11 09:18:44', '2023-07-11 09:18:44', 7, 3),
(947, '0723-000947', 'rue Monique Bertin\n98268 Guyot-sur-Mer', 'passer', '2023-07-11 09:18:44', '2023-07-11 09:18:44', 16, 4),
(948, '0723-000948', '313, place Baron\n88 490 Chretien', 'passer', '2023-07-11 09:18:44', '2023-07-11 09:18:44', 9, 3),
(949, '0723-000949', '379, chemin Guilbert\n79335 Antoinedan', 'annuler', '2023-07-11 09:18:44', '2023-07-11 09:18:44', 19, 4),
(950, '0723-000950', '85, avenue Pauline Gomes\n54494 Martel-sur-Martins', 'livrer', '2023-07-11 09:18:44', '2023-07-11 09:18:44', 19, 3),
(951, '0723-000951', '70, rue Lucie Bonnet\n02 809 Blanc-la-Forêt', 'livraison', '2023-07-11 09:18:44', '2023-07-11 09:18:44', 8, 3),
(952, '0723-000952', '2, rue de Gomes\n93 666 Vincent', 'traiter', '2023-07-11 09:18:44', '2023-07-11 09:18:44', 7, 4),
(953, '0723-000953', '74, impasse Pierre Grondin\n12 625 Pagesboeuf', 'annuler', '2023-07-11 09:18:44', '2023-07-11 09:18:44', 14, 4),
(954, '0723-000954', '6, avenue de Bonneau\n43 702 KleinVille', 'annuler', '2023-07-11 09:18:44', '2023-07-11 09:18:44', 18, 2),
(955, '0723-000955', 'chemin Richard\n84952 Clercnec', 'livrer', '2023-07-11 09:18:44', '2023-07-11 09:18:44', 13, 2),
(956, '0723-000956', '69, rue de Herve\n08 143 Etienne', 'passer', '2023-07-11 09:18:44', '2023-07-11 09:18:44', 16, 4),
(957, '0723-000957', '918, rue de Prevost\n70 670 Weber', 'passer', '2023-07-11 09:18:44', '2023-07-11 09:18:44', 13, 4),
(958, '0723-000958', '99, rue de Turpin\n43 225 Lemonnier-la-Forêt', 'livraison', '2023-07-11 09:18:44', '2023-07-11 09:18:44', 11, 3),
(959, '0723-000959', '57, rue de Martineau\n31578 Carlier', 'livraison', '2023-07-11 09:18:44', '2023-07-11 09:18:44', 18, 3),
(960, '0723-000960', '68, place Barre\n32557 Chevalier', 'annuler', '2023-07-11 09:18:44', '2023-07-11 09:18:44', 17, 4),
(961, '0723-000961', '40, rue de Joly\n12330 Morel-les-Bains', 'livraison', '2023-07-11 09:18:44', '2023-07-11 09:18:44', 14, 3),
(962, '0723-000962', '433, chemin Stéphanie Olivier\n85 401 Brun', 'annuler', '2023-07-11 09:18:44', '2023-07-11 09:18:44', 13, 3),
(963, '0723-000963', '56, boulevard Masson\n73 718 Merle', 'annuler', '2023-07-11 09:18:44', '2023-07-11 09:18:44', 15, 3),
(964, '0723-000964', '80, rue Matthieu Duval\n09227 Camus-les-Bains', 'livraison', '2023-07-11 09:18:44', '2023-07-11 09:18:44', 8, 2),
(965, '0723-000965', '76, avenue Pauline Brun\n94 564 Maillet-la-Forêt', 'traiter', '2023-07-11 09:18:44', '2023-07-11 09:18:44', 16, 4),
(966, '0723-000966', '185, rue Petit\n75 225 Traore', 'annuler', '2023-07-11 09:18:44', '2023-07-11 09:18:44', 14, 4),
(967, '0723-000967', '66, rue François Coulon\n46396 Baron', 'annuler', '2023-07-11 09:18:44', '2023-07-11 09:18:44', 12, 4),
(968, '0723-000968', '35, place Robert Morel\n21 963 Marques', 'livraison', '2023-07-11 09:18:44', '2023-07-11 09:18:44', 19, 3),
(969, '0723-000969', '136, rue Luc Royer\n78379 NguyenBourg', 'annuler', '2023-07-11 09:18:44', '2023-07-11 09:18:44', 18, 4),
(970, '0723-000970', '20, boulevard de Clement\n08 802 Pierre', 'annuler', '2023-07-11 09:18:44', '2023-07-11 09:18:44', 10, 3),
(971, '0723-000971', '57, boulevard Dumont\n94 884 Girauddan', 'livrer', '2023-07-11 09:18:44', '2023-07-11 09:18:44', 9, 3),
(972, '0723-000972', '387, place de Hernandez\n40 842 Duhamel-la-Forêt', 'livrer', '2023-07-11 09:18:44', '2023-07-11 09:18:44', 13, 4),
(973, '0723-000973', 'place Antoinette Jourdan\n52367 Da Costa-sur-Laporte', 'annuler', '2023-07-11 09:18:44', '2023-07-11 09:18:44', 13, 2),
(974, '0723-000974', '19, impasse de Leclercq\n71 325 Roger', 'passer', '2023-07-11 09:18:44', '2023-07-11 09:18:44', 13, 2),
(975, '0723-000975', '12, place Gonzalez\n99958 Olivier-sur-Diaz', 'annuler', '2023-07-11 09:18:44', '2023-07-11 09:18:44', 13, 3),
(976, '0723-000976', '260, boulevard Benard\n83 120 Guillouboeuf', 'annuler', '2023-07-11 09:18:44', '2023-07-11 09:18:44', 14, 4),
(977, '0723-000977', '11, boulevard de Moreno\n61431 Pierre', 'traiter', '2023-07-11 09:18:44', '2023-07-11 09:18:44', 11, 4),
(978, '0723-000978', '691, rue de Maurice\n04 302 Guichard', 'livrer', '2023-07-11 09:18:44', '2023-07-11 09:18:44', 7, 4),
(979, '0723-000979', 'rue Dijoux\n72 975 Prevost', 'traiter', '2023-07-11 09:18:44', '2023-07-11 09:18:44', 12, 2),
(980, '0723-000980', '41, rue de Masson\n58 187 Boutin', 'livrer', '2023-07-11 09:18:44', '2023-07-11 09:18:44', 18, 3),
(981, '0723-000981', '91, impasse Claudine Guillou\n00384 Guerin', 'passer', '2023-07-11 09:18:44', '2023-07-11 09:18:44', 12, 2),
(982, '0723-000982', '19, boulevard de Arnaud\n44 017 Pereiraboeuf', 'livraison', '2023-07-11 09:18:44', '2023-07-11 09:18:44', 14, 4),
(983, '0723-000983', '16, boulevard de Couturier\n98 658 Rolland', 'livraison', '2023-07-11 09:18:44', '2023-07-11 09:18:44', 11, 2),
(984, '0723-000984', '89, chemin de Legros\n33 545 Le Gall', 'traiter', '2023-07-11 09:18:44', '2023-07-11 09:18:44', 7, 3),
(985, '0723-000985', '29, chemin Océane Marin\n63 633 Guillon', 'passer', '2023-07-11 09:18:44', '2023-07-11 09:18:44', 10, 2),
(986, '0723-000986', '225, rue Margaret Chretien\n10 633 Costa', 'livrer', '2023-07-11 09:18:44', '2023-07-11 09:18:44', 17, 3),
(987, '0723-000987', '69, avenue Lorraine Paris\n68 268 Grondin', 'annuler', '2023-07-11 09:18:44', '2023-07-11 09:18:44', 15, 4),
(988, '0723-000988', 'rue Vincent\n86 808 DijouxBourg', 'livrer', '2023-07-11 09:18:44', '2023-07-11 09:18:44', 10, 3),
(989, '0723-000989', '2, avenue de Rodrigues\n63396 Guyot', 'livraison', '2023-07-11 09:18:44', '2023-07-11 09:18:44', 19, 2),
(990, '0723-000990', '506, impasse Blin\n11 569 Fischer', 'passer', '2023-07-11 09:18:44', '2023-07-11 09:18:44', 8, 2),
(991, '0723-000991', '28, chemin Susan Brun\n15278 Baillynec', 'traiter', '2023-07-11 09:18:44', '2023-07-11 09:18:44', 18, 3),
(992, '0723-000992', '18, place Gilles\n07690 Dijoux', 'livrer', '2023-07-11 09:18:44', '2023-07-11 09:18:44', 17, 4),
(993, '0723-000993', 'avenue Allard\n28 656 Pasquier', 'passer', '2023-07-11 09:18:44', '2023-07-11 09:18:44', 15, 2),
(994, '0723-000994', '14, place William Guillaume\n41622 Bodin-sur-Guichard', 'traiter', '2023-07-11 09:18:44', '2023-07-11 09:18:44', 12, 4),
(995, '0723-000995', '48, rue Bouvier\n92186 Boutin', 'livrer', '2023-07-11 09:18:44', '2023-07-11 09:18:44', 10, 3),
(996, '0723-000996', '42, avenue de Martin\n38 306 Lenoir-sur-Albert', 'traiter', '2023-07-11 09:18:44', '2023-07-11 09:18:44', 16, 4),
(997, '0723-000997', '598, impasse Célina Vasseur\n02 248 Costa', 'traiter', '2023-07-11 09:18:44', '2023-07-11 09:18:44', 9, 3),
(998, '0723-000998', '65, impasse de Boulanger\n97 723 Blanc', 'annuler', '2023-07-11 09:18:44', '2023-07-11 09:18:44', 15, 4),
(999, '0723-000999', '87, rue Philippe Lopes\n43484 Pascal-sur-Gosselin', 'passer', '2023-07-11 09:18:44', '2023-07-11 09:18:44', 9, 4),
(1000, '0723-001000', 'rue Pelletier\n41 081 BoutinBourg', 'traiter', '2023-07-11 09:18:44', '2023-07-11 09:18:44', 11, 3);

-- --------------------------------------------------------

--
-- Structure de la table `favories`
--

DROP TABLE IF EXISTS `favories`;
CREATE TABLE IF NOT EXISTS `favories` (
  `id` int(11) NOT NULL AUTO_INCREMENT,
  `client_id` varchar(200) DEFAULT NULL,
  PRIMARY KEY (`id`)
) ENGINE=InnoDB AUTO_INCREMENT=3 DEFAULT CHARSET=utf8mb4 COLLATE=utf8mb4_general_ci;

--
-- Déchargement des données de la table `favories`
--

INSERT INTO `favories` (`id`, `client_id`) VALUES
(1, '64c260c74e848'),
(2, '64c29460d2edd');

-- --------------------------------------------------------

--
-- Structure de la table `favorie_items`
--

DROP TABLE IF EXISTS `favorie_items`;
CREATE TABLE IF NOT EXISTS `favorie_items` (
  `id` int(11) NOT NULL AUTO_INCREMENT,
  `favorie_id` int(11) DEFAULT NULL,
  `produit_id` int(11) DEFAULT NULL,
  `created_at` date DEFAULT current_timestamp(),
  PRIMARY KEY (`id`),
  KEY `favorie_id` (`favorie_id`),
  KEY `produit_id` (`produit_id`)
) ENGINE=InnoDB AUTO_INCREMENT=42 DEFAULT CHARSET=utf8mb4 COLLATE=utf8mb4_general_ci;

--
-- Déchargement des données de la table `favorie_items`
--

INSERT INTO `favorie_items` (`id`, `favorie_id`, `produit_id`, `created_at`) VALUES
(41, 1, 3, '2023-07-28');

-- --------------------------------------------------------

--
-- Structure de la table `livreurs`
--

DROP TABLE IF EXISTS `livreurs`;
CREATE TABLE IF NOT EXISTS `livreurs` (
  `id` int(9) NOT NULL AUTO_INCREMENT,
  `nom` varchar(100) NOT NULL,
  `prenom` varchar(200) NOT NULL,
  `email` varchar(100) NOT NULL,
  `tel` varchar(100) NOT NULL,
  `password` varchar(100) NOT NULL,
  `created_at` datetime NOT NULL DEFAULT current_timestamp(),
  `updated_at` datetime DEFAULT current_timestamp(),
  `image` varchar(200) DEFAULT NULL,
  `statut` int(1) NOT NULL,
  PRIMARY KEY (`id`)
) ENGINE=InnoDB AUTO_INCREMENT=6 DEFAULT CHARSET=utf8mb4 COLLATE=utf8mb4_general_ci;

--
-- Déchargement des données de la table `livreurs`
--

INSERT INTO `livreurs` (`id`, `nom`, `prenom`, `email`, `tel`, `password`, `created_at`, `updated_at`, `image`, `statut`) VALUES
(2, 'Koula', 'Pièrre', 'marcndzanangono@gmail.com', '444', '1234', '2023-07-06 00:00:00', '2023-07-07 00:00:00', '6b60975438f26adf97d0ac8c365a392f.jpg', 1),
(3, 'Malonga', 'will le grand', 'marcndzanangono@gmail.com', '1322', '1234', '2023-07-06 00:00:00', '2023-07-07 00:00:00', '5d6da0ae949fddae79d29c98f06bca34.jpg', 1),
(4, 'Loboko', 'martin', 'dav@gmail.com', '0000', '0000', '2023-07-06 00:00:00', '2023-07-07 00:00:00', '27287a36d97f64a4fd1d2e332408cd55.jpg', 1);

-- --------------------------------------------------------

--
-- Structure de la table `paniers`
--

DROP TABLE IF EXISTS `paniers`;
CREATE TABLE IF NOT EXISTS `paniers` (
  `id` int(11) NOT NULL AUTO_INCREMENT,
  `id_client` varchar(200) DEFAULT NULL,
  PRIMARY KEY (`id`)
) ENGINE=InnoDB AUTO_INCREMENT=8 DEFAULT CHARSET=utf8mb4 COLLATE=utf8mb4_general_ci;

--
-- Déchargement des données de la table `paniers`
--

INSERT INTO `paniers` (`id`, `id_client`) VALUES
(1, '64c260c74e848'),
(2, '64c2667b45ac5'),
(3, '64c2667b542e4'),
(4, '64c29460c0b37'),
(5, '64c29460c5744'),
(6, '64c29460d0143'),
(7, '64c29460d2edd');

-- --------------------------------------------------------

--
-- Structure de la table `panier_items`
--

DROP TABLE IF EXISTS `panier_items`;
CREATE TABLE IF NOT EXISTS `panier_items` (
  `id` int(11) NOT NULL AUTO_INCREMENT,
  `panier_id` int(11) DEFAULT NULL,
  `produit_id` int(11) DEFAULT NULL,
  `quantite` int(11) DEFAULT NULL,
  PRIMARY KEY (`id`),
  KEY `panier_id` (`panier_id`),
  KEY `produit_id` (`produit_id`)
) ENGINE=InnoDB AUTO_INCREMENT=46 DEFAULT CHARSET=utf8mb4 COLLATE=utf8mb4_general_ci;

--
-- Déchargement des données de la table `panier_items`
--

INSERT INTO `panier_items` (`id`, `panier_id`, `produit_id`, `quantite`) VALUES
(41, 1, 14, 1),
(42, 1, 12, 1),
(43, 1, 17, 1),
(45, 1, 3, 2);

-- --------------------------------------------------------

--
-- Structure de la table `produits`
--

DROP TABLE IF EXISTS `produits`;
CREATE TABLE IF NOT EXISTS `produits` (
  `id` int(9) NOT NULL AUTO_INCREMENT,
  `nom` varchar(100) NOT NULL,
  `prix` float NOT NULL,
  `stock` int(9) DEFAULT NULL,
  `description` text DEFAULT NULL,
  `categorie_id` int(9) NOT NULL,
  `image` varchar(200) DEFAULT NULL,
  `statut` int(1) NOT NULL,
  PRIMARY KEY (`id`),
  KEY `categorie_id` (`categorie_id`)
) ENGINE=InnoDB AUTO_INCREMENT=19 DEFAULT CHARSET=utf8mb4 COLLATE=utf8mb4_general_ci;

--
-- Déchargement des données de la table `produits`
--

INSERT INTO `produits` (`id`, `nom`, `prix`, `stock`, `description`, `categorie_id`, `image`, `statut`) VALUES
(3, 'Tacos', 4500, 1, 'lorem pout garo nono uryrt polution valuoir etre don not pgoieymmxcb pouy louthg burge danse le soir ju', 1, '13d4153928402f36ca597837829fbc0e.png', 0),
(4, 'Sandwichs', 2500, 0, 'lorem pout garo nono uryrt polution valuoir etre don not pgoieymmxcb pouy louthg burge danse le soir ju', 12, 'cd5a336cc4316f4cebaef66eb377fd83.png', 1),
(12, 'Crêpe', 5000, 1, 'lorem pout garo nono uryrt polution valuoir etre don not pgoieymmxcb pouy louthg burge danse le soir ju', 1, 'a31d15512b10b89ce945aa43c39feafd.png', 1),
(14, 'Jus de fruit', 200, 10, 'lorem pout garo nono uryrt polution valuoir etre don not pgoieymmxcb pouy louthg burge danse le soir ju', 2, '8a017a649693756e540e67ab891a92fa.png', 1),
(17, 'Eau', 500, 1, 'lorem pout garo nono uryrt polution valuoir etre don not pgoieymmxcb pouy louthg burge danse le soir ju', 2, 'be4a279ffa5989b07bb8d0f43ea8807b.png', 1),
(18, 'Crème glacé', 23, 0, 'lorem pout garo nono uryrt polution valuoir etre don not pgoieymmxcb pouy louthg burge danse le soir ju', 3, 'd2e08c387a456fab6cda363baedc3f6e.png', 1);

-- --------------------------------------------------------

--
-- Structure de la table `produits_commandes`
--

DROP TABLE IF EXISTS `produits_commandes`;
CREATE TABLE IF NOT EXISTS `produits_commandes` (
  `id` int(11) NOT NULL AUTO_INCREMENT,
  `prix` float NOT NULL,
  `quantite` int(9) NOT NULL,
  `produit_id` int(9) NOT NULL,
  `commande_id` int(9) NOT NULL,
  PRIMARY KEY (`id`),
  KEY `commande_id` (`commande_id`),
  KEY `produit_id` (`produit_id`)
) ENGINE=InnoDB AUTO_INCREMENT=3547 DEFAULT CHARSET=utf8mb4 COLLATE=utf8mb4_general_ci;

--
-- Déchargement des données de la table `produits_commandes`
--

INSERT INTO `produits_commandes` (`id`, `prix`, `quantite`, `produit_id`, `commande_id`) VALUES
(1, 6532, 5, 14, 1),
(2, 7055, 1, 14, 1),
(3, 2550, 1, 12, 1),
(4, 2572, 3, 4, 2),
(5, 3147, 7, 12, 2),
(6, 9048, 5, 14, 2),
(7, 3536, 7, 4, 2),
(8, 4501, 1, 12, 3),
(9, 8983, 2, 14, 3),
(10, 3344, 5, 14, 4),
(11, 2508, 5, 14, 4),
(12, 2960, 2, 14, 4),
(13, 4789, 8, 12, 4),
(14, 6027, 5, 14, 5),
(15, 8579, 5, 4, 5),
(16, 3225, 3, 14, 5),
(17, 5069, 3, 14, 6),
(18, 9925, 6, 12, 6),
(19, 2628, 5, 12, 6),
(20, 8736, 7, 12, 7),
(21, 7193, 4, 14, 7),
(22, 9634, 8, 14, 7),
(23, 7546, 7, 12, 8),
(24, 5441, 8, 3, 8),
(25, 3364, 6, 14, 8),
(26, 4671, 1, 12, 9),
(27, 3637, 4, 4, 9),
(28, 9392, 4, 12, 10),
(29, 6347, 7, 12, 10),
(30, 6770, 1, 12, 10),
(31, 8849, 2, 12, 11),
(32, 3563, 4, 12, 11),
(33, 4532, 8, 12, 12),
(34, 2634, 4, 3, 12),
(35, 9937, 5, 4, 12),
(36, 4233, 5, 4, 12),
(37, 5259, 7, 12, 12),
(38, 2739, 3, 3, 12),
(39, 8175, 6, 3, 13),
(40, 3583, 7, 4, 13),
(41, 3488, 7, 3, 13),
(42, 6950, 7, 12, 13),
(43, 5368, 7, 12, 13),
(44, 3949, 2, 4, 1),
(45, 2946, 6, 4, 1),
(46, 2518, 3, 3, 1),
(47, 6038, 5, 14, 1),
(48, 7191, 6, 12, 2),
(49, 6703, 8, 3, 2),
(50, 5651, 7, 4, 2),
(51, 3377, 1, 12, 2),
(52, 3932, 7, 3, 3),
(53, 4921, 2, 12, 3),
(54, 6955, 4, 14, 3),
(55, 9782, 3, 4, 3),
(56, 8160, 3, 4, 4),
(57, 8454, 8, 3, 4),
(58, 9441, 2, 12, 4),
(59, 3928, 5, 12, 5),
(60, 2922, 5, 14, 5),
(61, 6077, 2, 4, 5),
(62, 9258, 6, 4, 6),
(63, 9259, 6, 4, 6),
(64, 8015, 7, 12, 6),
(65, 8833, 3, 4, 7),
(66, 6700, 5, 14, 7),
(67, 5860, 4, 4, 8),
(68, 9966, 1, 12, 8),
(69, 5628, 5, 3, 8),
(70, 7585, 6, 14, 9),
(71, 7274, 6, 14, 9),
(72, 6669, 7, 12, 10),
(73, 9270, 5, 4, 10),
(74, 8832, 2, 4, 10),
(75, 6153, 7, 12, 10),
(76, 5248, 7, 4, 11),
(77, 2579, 5, 14, 11),
(78, 3315, 5, 3, 11),
(79, 7438, 4, 4, 11),
(80, 4968, 2, 4, 12),
(81, 6073, 8, 3, 12),
(82, 2771, 8, 12, 12),
(83, 8242, 6, 14, 12),
(84, 6371, 1, 12, 13),
(85, 9750, 7, 14, 13),
(86, 2792, 6, 14, 13),
(87, 3626, 8, 14, 14),
(88, 9803, 7, 3, 14),
(89, 4650, 4, 14, 14),
(90, 6338, 8, 4, 14),
(91, 9359, 3, 14, 14),
(92, 9102, 5, 12, 15),
(93, 8757, 2, 12, 15),
(94, 5058, 1, 14, 16),
(95, 3138, 5, 3, 16),
(96, 6519, 3, 3, 16),
(97, 6689, 5, 12, 16),
(98, 6684, 7, 4, 17),
(99, 5159, 7, 3, 17),
(100, 4405, 8, 12, 17),
(101, 6232, 3, 3, 18),
(102, 9079, 8, 3, 18),
(103, 5458, 6, 4, 19),
(104, 5649, 2, 12, 19),
(105, 5743, 3, 12, 19),
(106, 5899, 1, 14, 19),
(107, 8919, 8, 4, 20),
(108, 6492, 4, 14, 20),
(109, 3199, 3, 12, 20),
(110, 4954, 2, 3, 20),
(111, 5300, 6, 14, 20),
(112, 5101, 2, 14, 20),
(113, 6534, 5, 12, 21),
(114, 8521, 6, 3, 21),
(115, 3404, 8, 12, 21),
(116, 4043, 1, 14, 22),
(117, 8817, 5, 14, 22),
(118, 9740, 7, 4, 22),
(119, 5908, 4, 12, 23),
(120, 7685, 6, 4, 23),
(121, 8508, 4, 12, 24),
(122, 9561, 7, 12, 24),
(123, 2514, 1, 3, 24),
(124, 5915, 2, 12, 25),
(125, 4277, 4, 3, 25),
(126, 7830, 7, 12, 25),
(127, 6300, 2, 14, 25),
(128, 9227, 5, 12, 25),
(129, 6706, 5, 4, 26),
(130, 8591, 2, 3, 26),
(131, 6969, 3, 12, 26),
(132, 3152, 6, 3, 26),
(133, 4886, 4, 4, 26),
(134, 9471, 6, 14, 27),
(135, 8882, 4, 14, 27),
(136, 6627, 4, 4, 27),
(137, 5173, 6, 3, 28),
(138, 9351, 6, 4, 28),
(139, 7496, 1, 3, 28),
(140, 3507, 8, 4, 29),
(141, 9904, 1, 12, 29),
(142, 9983, 5, 14, 29),
(143, 3876, 8, 14, 29),
(144, 4213, 4, 12, 29),
(145, 6947, 6, 12, 30),
(146, 5677, 6, 14, 30),
(147, 8600, 4, 14, 30),
(148, 5519, 6, 12, 30),
(149, 4802, 6, 3, 30),
(150, 5882, 2, 14, 31),
(151, 4715, 7, 14, 31),
(152, 4858, 2, 12, 31),
(153, 5195, 5, 12, 32),
(154, 2670, 1, 4, 32),
(155, 8624, 7, 4, 32),
(156, 8283, 4, 3, 32),
(157, 6206, 7, 3, 33),
(158, 6389, 1, 12, 33),
(159, 9979, 1, 12, 33),
(160, 7042, 5, 14, 34),
(161, 4108, 8, 3, 34),
(162, 4203, 4, 4, 34),
(163, 8066, 8, 12, 35),
(164, 6233, 3, 3, 35),
(165, 6107, 7, 14, 35),
(166, 8451, 3, 4, 36),
(167, 8209, 8, 3, 36),
(168, 9369, 2, 3, 37),
(169, 5059, 2, 4, 37),
(170, 2542, 6, 4, 37),
(171, 7576, 8, 12, 37),
(172, 6305, 5, 3, 37),
(173, 5992, 6, 3, 37),
(174, 5722, 4, 14, 38),
(175, 9775, 2, 4, 38),
(176, 4654, 1, 14, 39),
(177, 7004, 6, 12, 39),
(178, 5304, 6, 4, 39),
(179, 9453, 6, 4, 39),
(180, 5647, 7, 12, 40),
(181, 9475, 6, 14, 40),
(182, 7828, 4, 12, 41),
(183, 6975, 5, 4, 41),
(184, 4372, 6, 12, 41),
(185, 2942, 6, 12, 42),
(186, 9380, 4, 12, 42),
(187, 3495, 1, 12, 42),
(188, 4865, 2, 4, 43),
(189, 4742, 3, 12, 43),
(190, 4105, 1, 4, 43),
(191, 5715, 3, 14, 43),
(192, 5807, 5, 4, 43),
(193, 4476, 1, 3, 44),
(194, 7171, 4, 12, 44),
(195, 5001, 2, 14, 44),
(196, 2919, 1, 14, 44),
(197, 5785, 8, 4, 45),
(198, 3605, 4, 3, 45),
(199, 8259, 1, 12, 45),
(200, 3452, 4, 3, 45),
(201, 4281, 5, 4, 45),
(202, 2863, 8, 14, 46),
(203, 8899, 6, 12, 46),
(204, 4951, 4, 12, 46),
(205, 5227, 1, 12, 46),
(206, 4528, 2, 3, 47),
(207, 2960, 4, 12, 47),
(208, 7095, 2, 3, 47),
(209, 6409, 2, 4, 47),
(210, 9967, 7, 4, 48),
(211, 4842, 7, 14, 48),
(212, 9845, 6, 12, 48),
(213, 6212, 6, 4, 48),
(214, 4994, 8, 4, 49),
(215, 3059, 2, 3, 49),
(216, 3429, 5, 14, 49),
(217, 4099, 2, 4, 49),
(218, 3199, 7, 4, 50),
(219, 3794, 1, 12, 50),
(220, 5446, 4, 4, 50),
(221, 3093, 1, 14, 50),
(222, 3488, 7, 12, 51),
(223, 8388, 1, 14, 51),
(224, 4438, 3, 14, 52),
(225, 8456, 2, 3, 52),
(226, 9995, 2, 4, 52),
(227, 8007, 7, 14, 52),
(228, 3701, 8, 3, 53),
(229, 8200, 3, 4, 53),
(230, 9963, 6, 3, 53),
(231, 3511, 5, 14, 53),
(232, 5428, 4, 4, 54),
(233, 2680, 8, 3, 54),
(234, 4566, 2, 12, 54),
(235, 9165, 4, 12, 54),
(236, 4591, 3, 3, 55),
(237, 4062, 4, 14, 55),
(238, 8959, 2, 3, 56),
(239, 3403, 8, 4, 56),
(240, 9733, 1, 14, 56),
(241, 4967, 2, 3, 56),
(242, 9250, 1, 3, 56),
(243, 7449, 6, 4, 57),
(244, 2838, 5, 4, 57),
(245, 9079, 1, 4, 57),
(246, 9344, 1, 3, 57),
(247, 6244, 8, 12, 57),
(248, 9178, 8, 12, 58),
(249, 7840, 4, 12, 58),
(250, 8409, 2, 12, 58),
(251, 4536, 4, 4, 58),
(252, 2584, 4, 14, 59),
(253, 4491, 1, 12, 59),
(254, 5394, 3, 12, 59),
(255, 3168, 6, 12, 59),
(256, 4980, 1, 12, 60),
(257, 2636, 3, 3, 60),
(258, 9993, 1, 4, 60),
(259, 5885, 7, 3, 61),
(260, 9260, 2, 3, 61),
(261, 5249, 7, 12, 62),
(262, 7502, 6, 14, 62),
(263, 3024, 3, 4, 62),
(264, 9698, 2, 4, 63),
(265, 9620, 3, 4, 63),
(266, 6262, 2, 12, 63),
(267, 9103, 7, 14, 63),
(268, 6450, 8, 3, 63),
(269, 4990, 7, 12, 63),
(270, 3477, 6, 4, 64),
(271, 9177, 6, 4, 64),
(272, 9679, 5, 12, 64),
(273, 7632, 8, 12, 65),
(274, 8748, 2, 4, 65),
(275, 8899, 2, 4, 65),
(276, 5655, 2, 12, 65),
(277, 5630, 2, 3, 66),
(278, 6964, 8, 12, 66),
(279, 4467, 3, 4, 66),
(280, 9390, 8, 4, 67),
(281, 5260, 8, 14, 67),
(282, 2812, 3, 3, 67),
(283, 8100, 8, 4, 68),
(284, 7569, 1, 3, 68),
(285, 7280, 3, 4, 68),
(286, 7115, 2, 4, 68),
(287, 3389, 2, 4, 69),
(288, 5868, 2, 12, 69),
(289, 9103, 5, 3, 70),
(290, 3256, 6, 12, 70),
(291, 3756, 8, 14, 71),
(292, 4531, 4, 12, 71),
(293, 3693, 3, 3, 71),
(294, 5936, 3, 12, 71),
(295, 8297, 5, 12, 72),
(296, 9379, 3, 3, 72),
(297, 2638, 8, 3, 72),
(298, 8534, 2, 12, 72),
(299, 6517, 6, 3, 73),
(300, 5446, 7, 4, 73),
(301, 4811, 7, 12, 73),
(302, 4863, 5, 4, 74),
(303, 8776, 8, 4, 74),
(304, 4572, 4, 3, 74),
(305, 7733, 3, 3, 75),
(306, 5517, 4, 14, 75),
(307, 2769, 6, 3, 75),
(308, 3061, 8, 3, 75),
(309, 5250, 3, 3, 76),
(310, 4102, 4, 3, 76),
(311, 5399, 5, 3, 76),
(312, 5853, 5, 14, 76),
(313, 3487, 1, 14, 77),
(314, 8662, 3, 12, 77),
(315, 6706, 3, 12, 78),
(316, 5478, 7, 4, 78),
(317, 9912, 3, 12, 78),
(318, 7580, 1, 12, 78),
(319, 3397, 1, 12, 78),
(320, 9393, 7, 3, 79),
(321, 6898, 7, 14, 79),
(322, 7591, 8, 12, 79),
(323, 6518, 8, 4, 79),
(324, 7571, 2, 4, 80),
(325, 3239, 2, 4, 80),
(326, 3231, 2, 4, 80),
(327, 9892, 8, 3, 80),
(328, 4726, 5, 12, 81),
(329, 3184, 3, 3, 81),
(330, 8739, 2, 14, 82),
(331, 4128, 1, 14, 82),
(332, 7579, 6, 3, 83),
(333, 4482, 2, 14, 83),
(334, 3417, 1, 12, 83),
(335, 5897, 5, 3, 84),
(336, 8173, 5, 12, 84),
(337, 3024, 3, 12, 84),
(338, 6479, 2, 12, 84),
(339, 8885, 4, 12, 85),
(340, 4391, 4, 3, 85),
(341, 8801, 1, 14, 86),
(342, 5516, 1, 4, 86),
(343, 5858, 1, 14, 86),
(344, 5323, 4, 14, 87),
(345, 9817, 3, 12, 87),
(346, 7230, 3, 4, 87),
(347, 6558, 2, 14, 87),
(348, 8418, 7, 3, 88),
(349, 9286, 6, 4, 88),
(350, 9490, 4, 12, 88),
(351, 8066, 7, 3, 89),
(352, 2927, 4, 12, 89),
(353, 7033, 1, 4, 89),
(354, 6400, 7, 12, 90),
(355, 4668, 7, 3, 90),
(356, 4550, 5, 4, 90),
(357, 8766, 6, 3, 90),
(358, 9008, 1, 4, 90),
(359, 5414, 6, 12, 91),
(360, 4302, 5, 12, 91),
(361, 9697, 1, 4, 91),
(362, 9929, 8, 12, 91),
(363, 9524, 2, 12, 91),
(364, 9017, 8, 4, 92),
(365, 2952, 4, 3, 92),
(366, 6848, 4, 14, 92),
(367, 9536, 6, 12, 93),
(368, 3921, 2, 14, 93),
(369, 5906, 6, 4, 93),
(370, 7805, 7, 14, 93),
(371, 6625, 8, 14, 93),
(372, 2958, 1, 14, 94),
(373, 2524, 1, 3, 94),
(374, 8285, 4, 12, 94),
(375, 2905, 4, 14, 94),
(376, 4528, 1, 4, 94),
(377, 9909, 4, 14, 94),
(378, 7660, 5, 12, 95),
(379, 9170, 7, 3, 95),
(380, 6768, 8, 3, 95),
(381, 3608, 6, 12, 95),
(382, 2766, 3, 14, 96),
(383, 9355, 6, 4, 96),
(384, 7278, 6, 3, 96),
(385, 5275, 6, 12, 97),
(386, 5713, 8, 12, 97),
(387, 9350, 5, 3, 97),
(388, 2590, 7, 4, 98),
(389, 6192, 2, 14, 98),
(390, 3896, 5, 14, 98),
(391, 6808, 4, 14, 98),
(392, 7416, 2, 3, 98),
(393, 9296, 1, 3, 99),
(394, 6992, 7, 12, 99),
(395, 3433, 1, 12, 100),
(396, 6724, 8, 14, 100),
(397, 9045, 5, 4, 100),
(398, 3310, 2, 12, 100),
(399, 7600, 4, 4, 100),
(400, 7165, 5, 12, 101),
(401, 8787, 5, 12, 101),
(402, 2523, 8, 14, 101),
(403, 5798, 5, 12, 102),
(404, 3715, 4, 12, 102),
(405, 3112, 4, 14, 102),
(406, 8993, 8, 4, 102),
(407, 2816, 2, 12, 103),
(408, 3714, 2, 3, 103),
(409, 5690, 8, 14, 103),
(410, 6584, 3, 3, 104),
(411, 7498, 6, 4, 104),
(412, 2690, 2, 14, 104),
(413, 5297, 1, 14, 104),
(414, 4695, 2, 12, 105),
(415, 5340, 6, 4, 105),
(416, 2804, 4, 4, 105),
(417, 7430, 3, 14, 105),
(418, 9611, 4, 4, 106),
(419, 7451, 3, 12, 106),
(420, 3727, 2, 14, 106),
(421, 3912, 4, 4, 107),
(422, 6482, 4, 3, 107),
(423, 8226, 1, 14, 107),
(424, 4744, 7, 12, 107),
(425, 7572, 6, 3, 108),
(426, 2888, 1, 12, 108),
(427, 4479, 3, 14, 108),
(428, 4240, 6, 12, 108),
(429, 8057, 4, 14, 109),
(430, 9785, 8, 12, 109),
(431, 6794, 7, 3, 110),
(432, 8348, 7, 3, 110),
(433, 3958, 5, 14, 111),
(434, 4953, 3, 4, 111),
(435, 4158, 2, 12, 111),
(436, 8334, 7, 4, 111),
(437, 7217, 6, 14, 111),
(438, 7435, 7, 3, 112),
(439, 9140, 5, 3, 112),
(440, 4936, 1, 3, 112),
(441, 3574, 2, 3, 113),
(442, 6678, 2, 14, 113),
(443, 5606, 5, 3, 113),
(444, 5093, 2, 12, 113),
(445, 9512, 2, 4, 113),
(446, 6540, 1, 14, 114),
(447, 4384, 4, 12, 114),
(448, 7512, 2, 3, 115),
(449, 8331, 6, 4, 115),
(450, 5161, 7, 4, 116),
(451, 5066, 8, 14, 116),
(452, 7541, 4, 12, 116),
(453, 8077, 8, 14, 116),
(454, 9091, 2, 12, 116),
(455, 3600, 5, 14, 117),
(456, 8729, 4, 14, 117),
(457, 4914, 7, 3, 118),
(458, 7943, 4, 12, 118),
(459, 9639, 1, 3, 118),
(460, 6172, 3, 14, 118),
(461, 2544, 5, 12, 119),
(462, 3148, 2, 14, 119),
(463, 7614, 7, 4, 120),
(464, 9457, 7, 3, 120),
(465, 5635, 1, 12, 121),
(466, 3712, 7, 12, 121),
(467, 8130, 8, 3, 121),
(468, 8511, 7, 3, 122),
(469, 7517, 7, 12, 122),
(470, 9535, 6, 12, 122),
(471, 2569, 5, 4, 123),
(472, 7048, 5, 12, 123),
(473, 8220, 6, 12, 123),
(474, 6125, 2, 12, 123),
(475, 5685, 6, 12, 123),
(476, 5721, 2, 12, 123),
(477, 3079, 5, 3, 124),
(478, 2846, 8, 14, 124),
(479, 9332, 2, 14, 124),
(480, 4115, 1, 3, 125),
(481, 3807, 5, 3, 125),
(482, 4735, 7, 12, 125),
(483, 9564, 7, 14, 126),
(484, 3937, 4, 14, 126),
(485, 9270, 1, 4, 127),
(486, 8901, 7, 4, 127),
(487, 4775, 7, 3, 127),
(488, 7349, 2, 12, 127),
(489, 8607, 5, 3, 128),
(490, 7182, 5, 3, 128),
(491, 8692, 7, 14, 128),
(492, 4027, 4, 4, 129),
(493, 5555, 8, 4, 129),
(494, 8041, 1, 3, 130),
(495, 8366, 3, 12, 130),
(496, 3445, 1, 12, 130),
(497, 3630, 4, 4, 130),
(498, 9608, 8, 4, 131),
(499, 8567, 8, 14, 131),
(500, 8240, 5, 3, 131),
(501, 4903, 3, 3, 131),
(502, 2839, 5, 12, 131),
(503, 3833, 2, 3, 131),
(504, 9466, 8, 12, 132),
(505, 9720, 6, 12, 132),
(506, 4987, 7, 12, 133),
(507, 6946, 3, 14, 133),
(508, 2518, 5, 3, 133),
(509, 9646, 4, 14, 133),
(510, 9596, 6, 12, 134),
(511, 4155, 2, 14, 134),
(512, 8369, 6, 3, 134),
(513, 4763, 6, 14, 134),
(514, 3271, 5, 4, 135),
(515, 4199, 4, 4, 135),
(516, 6119, 8, 12, 135),
(517, 2739, 5, 3, 136),
(518, 7758, 2, 3, 136),
(519, 3529, 3, 12, 136),
(520, 2501, 7, 3, 136),
(521, 8431, 1, 12, 137),
(522, 9368, 1, 3, 137),
(523, 3098, 8, 12, 137),
(524, 2527, 3, 3, 137),
(525, 7257, 4, 14, 138),
(526, 3153, 6, 14, 138),
(527, 6193, 5, 12, 139),
(528, 6248, 2, 3, 139),
(529, 8825, 8, 14, 139),
(530, 3019, 2, 3, 139),
(531, 9504, 7, 14, 140),
(532, 8062, 1, 4, 140),
(533, 7312, 2, 4, 140),
(534, 4652, 5, 12, 140),
(535, 4163, 3, 3, 141),
(536, 8402, 7, 3, 141),
(537, 6679, 2, 12, 141),
(538, 9615, 1, 14, 141),
(539, 6885, 1, 14, 142),
(540, 6581, 2, 4, 142),
(541, 3630, 6, 3, 142),
(542, 6761, 6, 4, 142),
(543, 8296, 4, 12, 142),
(544, 2950, 6, 4, 143),
(545, 5404, 5, 3, 143),
(546, 8233, 1, 14, 143),
(547, 6302, 7, 12, 144),
(548, 5267, 1, 3, 144),
(549, 6819, 7, 14, 144),
(550, 8539, 2, 14, 144),
(551, 9555, 7, 3, 145),
(552, 4410, 4, 3, 145),
(553, 8407, 2, 3, 145),
(554, 4932, 4, 12, 145),
(555, 5728, 6, 4, 146),
(556, 5970, 2, 12, 146),
(557, 9502, 8, 12, 146),
(558, 3275, 5, 3, 147),
(559, 9664, 1, 4, 147),
(560, 9232, 6, 14, 147),
(561, 9055, 1, 4, 147),
(562, 6337, 6, 3, 148),
(563, 3667, 5, 4, 148),
(564, 6859, 2, 12, 149),
(565, 9487, 6, 12, 149),
(566, 7366, 8, 4, 149),
(567, 9032, 7, 12, 150),
(568, 7296, 1, 4, 150),
(569, 9515, 5, 14, 150),
(570, 4035, 6, 14, 150),
(571, 6724, 5, 3, 151),
(572, 9971, 4, 14, 151),
(573, 6136, 8, 14, 152),
(574, 7244, 6, 4, 152),
(575, 3439, 4, 3, 152),
(576, 6645, 6, 12, 152),
(577, 6310, 1, 12, 153),
(578, 6938, 4, 14, 153),
(579, 4309, 1, 4, 153),
(580, 9479, 8, 3, 154),
(581, 4975, 4, 14, 154),
(582, 7867, 1, 4, 154),
(583, 9288, 7, 4, 155),
(584, 8212, 2, 14, 155),
(585, 7769, 5, 4, 156),
(586, 7732, 6, 4, 156),
(587, 4600, 7, 3, 156),
(588, 4821, 8, 12, 157),
(589, 6503, 4, 3, 157),
(590, 3854, 7, 4, 158),
(591, 6774, 5, 14, 158),
(592, 7506, 1, 3, 158),
(593, 3940, 4, 3, 158),
(594, 7739, 4, 4, 158),
(595, 5817, 5, 12, 158),
(596, 3172, 3, 3, 159),
(597, 5230, 1, 4, 159),
(598, 3727, 1, 12, 159),
(599, 6533, 8, 12, 160),
(600, 2891, 2, 14, 160),
(601, 8065, 5, 3, 160),
(602, 3700, 1, 4, 161),
(603, 6283, 3, 14, 161),
(604, 3900, 6, 14, 161),
(605, 5965, 7, 3, 161),
(606, 2986, 2, 3, 162),
(607, 4624, 7, 4, 162),
(608, 6061, 7, 14, 162),
(609, 4716, 8, 14, 162),
(610, 5948, 6, 3, 162),
(611, 7060, 3, 14, 162),
(612, 5025, 2, 4, 163),
(613, 9288, 5, 14, 163),
(614, 4046, 7, 12, 164),
(615, 9213, 1, 14, 164),
(616, 6275, 1, 14, 164),
(617, 4458, 7, 4, 165),
(618, 9685, 5, 4, 165),
(619, 7303, 1, 3, 165),
(620, 9726, 5, 4, 165),
(621, 3815, 5, 3, 165),
(622, 3933, 7, 14, 166),
(623, 4762, 8, 3, 166),
(624, 4299, 1, 14, 166),
(625, 6292, 8, 12, 166),
(626, 9930, 8, 12, 167),
(627, 7753, 8, 14, 167),
(628, 7376, 5, 14, 167),
(629, 7018, 8, 12, 167),
(630, 9626, 2, 14, 168),
(631, 4718, 8, 14, 168),
(632, 6940, 2, 4, 168),
(633, 8055, 8, 4, 168),
(634, 6366, 3, 3, 169),
(635, 4466, 1, 4, 169),
(636, 8877, 2, 12, 169),
(637, 6399, 4, 4, 170),
(638, 4124, 8, 12, 170),
(639, 3331, 2, 3, 170),
(640, 5085, 6, 14, 170),
(641, 7109, 7, 3, 171),
(642, 9883, 2, 4, 171),
(643, 7218, 6, 12, 171),
(644, 6954, 3, 4, 171),
(645, 9234, 3, 3, 171),
(646, 6485, 3, 12, 172),
(647, 3018, 8, 4, 172),
(648, 3985, 3, 14, 172),
(649, 6788, 2, 4, 172),
(650, 4881, 1, 14, 172),
(651, 5718, 8, 12, 173),
(652, 8093, 4, 12, 173),
(653, 4063, 8, 3, 173),
(654, 7786, 5, 14, 173),
(655, 7884, 2, 3, 174),
(656, 8766, 8, 3, 174),
(657, 8009, 2, 14, 174),
(658, 2634, 5, 12, 174),
(659, 5814, 6, 3, 174),
(660, 9106, 4, 12, 174),
(661, 2704, 8, 3, 175),
(662, 4543, 1, 12, 175),
(663, 4859, 1, 14, 176),
(664, 3502, 8, 3, 176),
(665, 6759, 5, 3, 176),
(666, 3717, 5, 4, 176),
(667, 7185, 2, 12, 177),
(668, 3335, 8, 4, 177),
(669, 3345, 6, 12, 177),
(670, 5192, 7, 3, 178),
(671, 2845, 5, 14, 178),
(672, 9296, 3, 12, 178),
(673, 5556, 4, 4, 179),
(674, 6439, 1, 4, 179),
(675, 9380, 4, 14, 179),
(676, 6968, 6, 3, 180),
(677, 4333, 5, 3, 180),
(678, 4502, 3, 3, 181),
(679, 8905, 2, 3, 181),
(680, 5529, 1, 14, 181),
(681, 7278, 2, 3, 181),
(682, 5781, 2, 3, 182),
(683, 9731, 5, 3, 182),
(684, 6298, 1, 12, 182),
(685, 4361, 8, 4, 183),
(686, 8578, 3, 4, 183),
(687, 6743, 8, 12, 183),
(688, 3727, 1, 4, 184),
(689, 4366, 1, 4, 184),
(690, 5295, 1, 3, 184),
(691, 3198, 1, 3, 185),
(692, 3768, 6, 14, 185),
(693, 4378, 4, 3, 186),
(694, 4096, 8, 14, 186),
(695, 8221, 4, 4, 186),
(696, 6328, 4, 12, 186),
(697, 3914, 6, 14, 187),
(698, 5770, 6, 4, 187),
(699, 6289, 5, 14, 187),
(700, 6460, 7, 3, 187),
(701, 5284, 5, 3, 188),
(702, 3834, 2, 4, 188),
(703, 5273, 5, 12, 188),
(704, 8161, 2, 14, 188),
(705, 4746, 5, 4, 189),
(706, 8441, 8, 4, 189),
(707, 7063, 4, 4, 189),
(708, 4411, 4, 12, 190),
(709, 7964, 1, 12, 190),
(710, 3340, 3, 3, 190),
(711, 4919, 8, 3, 191),
(712, 2713, 6, 14, 191),
(713, 2937, 8, 12, 191),
(714, 9465, 5, 14, 191),
(715, 2557, 5, 14, 191),
(716, 7611, 5, 4, 192),
(717, 8617, 3, 4, 192),
(718, 9637, 2, 3, 192),
(719, 4813, 5, 3, 193),
(720, 5782, 1, 3, 193),
(721, 5058, 8, 3, 193),
(722, 5798, 3, 3, 193),
(723, 6286, 4, 12, 193),
(724, 2526, 4, 12, 194),
(725, 4093, 5, 4, 194),
(726, 4480, 8, 3, 194),
(727, 4251, 2, 4, 194),
(728, 9707, 4, 3, 195),
(729, 7892, 8, 4, 195),
(730, 7043, 7, 3, 195),
(731, 3463, 7, 3, 195),
(732, 6852, 8, 14, 196),
(733, 6042, 4, 14, 196),
(734, 3894, 7, 14, 196),
(735, 2753, 2, 14, 196),
(736, 3596, 4, 12, 196),
(737, 5418, 6, 12, 197),
(738, 3256, 6, 12, 197),
(739, 8443, 6, 3, 197),
(740, 5124, 8, 3, 198),
(741, 7727, 6, 14, 198),
(742, 6501, 1, 14, 198),
(743, 6361, 2, 4, 199),
(744, 6019, 5, 12, 199),
(745, 9861, 5, 14, 199),
(746, 4925, 3, 4, 199),
(747, 6430, 1, 12, 200),
(748, 7220, 2, 14, 200),
(749, 8091, 7, 12, 200),
(750, 8393, 4, 12, 200),
(751, 7656, 6, 14, 201),
(752, 4093, 6, 4, 201),
(753, 8578, 5, 12, 201),
(754, 3835, 6, 3, 201),
(755, 3386, 1, 3, 201),
(756, 8571, 2, 14, 202),
(757, 2532, 4, 4, 202),
(758, 6864, 2, 12, 202),
(759, 5636, 6, 4, 202),
(760, 9492, 2, 12, 203),
(761, 9793, 4, 12, 203),
(762, 8849, 6, 3, 204),
(763, 3453, 5, 4, 204),
(764, 7238, 6, 3, 204),
(765, 6406, 8, 12, 205),
(766, 8141, 1, 12, 205),
(767, 9749, 2, 4, 205),
(768, 8202, 4, 3, 205),
(769, 6398, 5, 4, 206),
(770, 9575, 2, 3, 206),
(771, 3905, 7, 14, 206),
(772, 6339, 5, 4, 206),
(773, 7387, 5, 12, 206),
(774, 4942, 5, 12, 207),
(775, 6746, 3, 3, 207),
(776, 6678, 6, 14, 207),
(777, 6181, 1, 14, 207),
(778, 3809, 7, 4, 207),
(779, 8256, 4, 14, 208),
(780, 6222, 3, 4, 208),
(781, 3989, 1, 3, 209),
(782, 8991, 5, 14, 209),
(783, 6866, 5, 4, 209),
(784, 8385, 2, 14, 209),
(785, 4130, 8, 3, 210),
(786, 9380, 6, 14, 210),
(787, 7593, 4, 14, 210),
(788, 9358, 3, 4, 210),
(789, 4911, 2, 4, 211),
(790, 7010, 3, 3, 211),
(791, 4672, 5, 4, 211),
(792, 6130, 7, 3, 211),
(793, 6642, 7, 4, 212),
(794, 9493, 1, 3, 212),
(795, 5942, 3, 14, 213),
(796, 4805, 1, 4, 213),
(797, 9723, 8, 4, 213),
(798, 9335, 2, 3, 214),
(799, 8279, 5, 12, 214),
(800, 3290, 2, 12, 215),
(801, 5282, 3, 12, 215),
(802, 8720, 5, 14, 215),
(803, 9796, 2, 4, 215),
(804, 3768, 7, 4, 216),
(805, 9271, 3, 3, 216),
(806, 2921, 3, 4, 216),
(807, 3905, 2, 4, 217),
(808, 8989, 3, 12, 217),
(809, 6360, 7, 4, 218),
(810, 5174, 6, 14, 218),
(811, 9519, 1, 3, 218),
(812, 6501, 2, 14, 219),
(813, 4815, 6, 12, 219),
(814, 9374, 5, 14, 219),
(815, 8575, 2, 14, 219),
(816, 3593, 2, 3, 219),
(817, 3777, 3, 14, 220),
(818, 6543, 7, 4, 220),
(819, 5175, 4, 4, 220),
(820, 3211, 1, 4, 220),
(821, 2918, 8, 4, 221),
(822, 9664, 1, 14, 221),
(823, 9857, 7, 4, 222),
(824, 4334, 4, 14, 222),
(825, 3820, 5, 14, 222),
(826, 2749, 1, 12, 222),
(827, 2798, 3, 4, 222),
(828, 6882, 8, 12, 222),
(829, 9554, 4, 12, 223),
(830, 6014, 5, 14, 223),
(831, 9287, 7, 3, 223),
(832, 5344, 8, 3, 224),
(833, 5793, 5, 3, 224),
(834, 3379, 7, 12, 224),
(835, 3725, 7, 3, 224),
(836, 8429, 6, 3, 224),
(837, 6516, 5, 4, 225),
(838, 6959, 7, 3, 225),
(839, 7629, 2, 3, 225),
(840, 3320, 5, 12, 225),
(841, 8601, 4, 3, 225),
(842, 4596, 7, 12, 226),
(843, 3534, 2, 4, 226),
(844, 4234, 2, 3, 226),
(845, 2856, 8, 12, 226),
(846, 3752, 8, 12, 227),
(847, 5774, 6, 3, 227),
(848, 9805, 4, 3, 227),
(849, 7364, 6, 4, 227),
(850, 9516, 8, 14, 228),
(851, 3947, 4, 3, 228),
(852, 8321, 2, 12, 228),
(853, 5298, 3, 3, 228),
(854, 9669, 5, 12, 228),
(855, 9680, 8, 3, 229),
(856, 9770, 5, 14, 229),
(857, 6748, 6, 3, 230),
(858, 3335, 1, 12, 230),
(859, 7583, 5, 3, 230),
(860, 5071, 6, 4, 230),
(861, 4122, 1, 12, 230),
(862, 7105, 1, 14, 231),
(863, 9928, 5, 14, 231),
(864, 5488, 2, 14, 231),
(865, 7659, 6, 12, 232),
(866, 7907, 6, 12, 232),
(867, 9161, 7, 14, 232),
(868, 8815, 6, 14, 232),
(869, 5695, 3, 3, 233),
(870, 8095, 1, 3, 233),
(871, 6704, 3, 4, 233),
(872, 6772, 1, 4, 233),
(873, 9499, 3, 4, 233),
(874, 7502, 2, 12, 233),
(875, 7615, 5, 14, 234),
(876, 4619, 4, 12, 234),
(877, 5819, 8, 3, 234),
(878, 9272, 7, 3, 235),
(879, 8094, 8, 14, 235),
(880, 4686, 1, 3, 235),
(881, 9949, 3, 14, 235),
(882, 6964, 4, 3, 236),
(883, 4627, 6, 12, 236),
(884, 7075, 7, 3, 236),
(885, 5645, 2, 12, 237),
(886, 9899, 3, 12, 237),
(887, 8327, 2, 4, 237),
(888, 3509, 8, 3, 238),
(889, 3029, 8, 12, 238),
(890, 4010, 7, 3, 238),
(891, 4727, 6, 14, 239),
(892, 4359, 2, 12, 239),
(893, 9991, 7, 3, 239),
(894, 9415, 5, 4, 239),
(895, 3112, 5, 14, 240),
(896, 6414, 3, 3, 240),
(897, 3594, 4, 12, 241),
(898, 3331, 8, 14, 241),
(899, 8958, 8, 14, 241),
(900, 6905, 5, 3, 242),
(901, 7318, 2, 12, 242),
(902, 8866, 4, 14, 242),
(903, 3441, 7, 12, 242),
(904, 4659, 5, 4, 243),
(905, 6133, 8, 14, 243),
(906, 6758, 2, 4, 243),
(907, 4100, 7, 4, 243),
(908, 4719, 3, 12, 244),
(909, 9460, 7, 4, 244),
(910, 5089, 2, 12, 244),
(911, 5615, 8, 14, 245),
(912, 4221, 6, 12, 245),
(913, 7030, 5, 4, 245),
(914, 8566, 5, 3, 246),
(915, 5694, 8, 3, 246),
(916, 7773, 1, 14, 246),
(917, 7554, 8, 12, 246),
(918, 9200, 4, 12, 247),
(919, 3642, 1, 14, 247),
(920, 5240, 4, 12, 247),
(921, 6843, 4, 12, 248),
(922, 3883, 4, 4, 248),
(923, 6425, 3, 3, 248),
(924, 5927, 4, 14, 248),
(925, 8026, 4, 14, 248),
(926, 4333, 5, 3, 249),
(927, 9666, 4, 4, 249),
(928, 7681, 5, 12, 249),
(929, 4347, 8, 3, 249),
(930, 3800, 6, 3, 249),
(931, 3161, 7, 14, 250),
(932, 9949, 3, 12, 250),
(933, 6049, 7, 4, 250),
(934, 7826, 6, 4, 250),
(935, 3388, 6, 3, 250),
(936, 9306, 2, 14, 251),
(937, 8104, 2, 14, 251),
(938, 8158, 1, 14, 251),
(939, 6219, 7, 4, 251),
(940, 3727, 1, 12, 252),
(941, 4346, 8, 4, 252),
(942, 9780, 5, 12, 252),
(943, 9097, 5, 3, 253),
(944, 4431, 5, 4, 253),
(945, 4833, 1, 4, 253),
(946, 7054, 8, 3, 254),
(947, 7383, 8, 3, 254),
(948, 7600, 8, 4, 254),
(949, 8194, 2, 4, 254),
(950, 5706, 5, 3, 255),
(951, 9382, 7, 12, 255),
(952, 9826, 8, 12, 255),
(953, 9113, 1, 3, 255),
(954, 5103, 4, 4, 256),
(955, 4883, 5, 3, 256),
(956, 6708, 3, 3, 256),
(957, 7187, 3, 3, 256),
(958, 3285, 6, 3, 257),
(959, 2692, 5, 3, 257),
(960, 5748, 2, 3, 257),
(961, 7402, 3, 4, 257),
(962, 4781, 5, 12, 257),
(963, 4461, 3, 4, 257),
(964, 6559, 1, 12, 258),
(965, 8392, 6, 3, 258),
(966, 4602, 1, 12, 258),
(967, 5942, 4, 4, 259),
(968, 5432, 2, 3, 259),
(969, 4594, 1, 4, 259),
(970, 8720, 5, 12, 260),
(971, 7486, 5, 12, 260),
(972, 9845, 1, 3, 261),
(973, 6490, 7, 14, 261),
(974, 9349, 8, 4, 261),
(975, 6943, 1, 14, 261),
(976, 5711, 7, 12, 262),
(977, 4573, 8, 12, 262),
(978, 6155, 8, 3, 262),
(979, 9953, 8, 3, 262),
(980, 5790, 5, 12, 262),
(981, 3551, 6, 3, 263),
(982, 7930, 2, 12, 263),
(983, 3149, 5, 12, 263),
(984, 7473, 2, 4, 264),
(985, 9674, 5, 3, 264),
(986, 3912, 4, 12, 264),
(987, 3373, 1, 4, 265),
(988, 3482, 4, 14, 265),
(989, 6669, 1, 4, 265),
(990, 8398, 5, 14, 266),
(991, 5007, 2, 4, 266),
(992, 8808, 7, 12, 267),
(993, 3896, 8, 12, 267),
(994, 3296, 5, 14, 267),
(995, 5745, 4, 4, 268),
(996, 7126, 1, 12, 268),
(997, 2858, 6, 4, 268),
(998, 5719, 6, 4, 269),
(999, 9374, 2, 4, 269),
(1000, 7065, 4, 4, 269),
(1001, 8548, 2, 3, 270),
(1002, 9948, 8, 3, 270),
(1003, 5616, 8, 14, 270),
(1004, 2774, 7, 14, 271),
(1005, 3942, 8, 12, 271),
(1006, 9092, 2, 14, 271),
(1007, 3461, 1, 14, 272),
(1008, 9115, 3, 12, 272),
(1009, 9298, 5, 4, 272),
(1010, 7979, 8, 4, 272),
(1011, 3016, 5, 14, 272),
(1012, 9805, 8, 14, 273),
(1013, 4452, 4, 4, 273),
(1014, 5523, 7, 14, 273),
(1015, 5830, 5, 12, 274),
(1016, 6748, 3, 12, 274),
(1017, 7828, 6, 4, 275),
(1018, 9871, 1, 4, 275),
(1019, 3746, 2, 3, 275),
(1020, 5204, 7, 4, 275),
(1021, 8962, 5, 12, 276),
(1022, 8155, 4, 3, 276),
(1023, 4957, 5, 3, 276),
(1024, 5457, 8, 12, 276),
(1025, 8667, 5, 14, 277),
(1026, 9657, 1, 12, 277),
(1027, 7283, 7, 4, 277),
(1028, 3111, 6, 12, 277),
(1029, 6080, 1, 14, 277),
(1030, 9375, 6, 14, 278),
(1031, 3210, 4, 4, 278),
(1032, 8904, 3, 14, 278),
(1033, 2533, 7, 12, 278),
(1034, 3587, 8, 14, 278),
(1035, 5515, 3, 14, 278),
(1036, 4570, 8, 3, 279),
(1037, 3985, 4, 12, 279),
(1038, 6590, 7, 14, 279),
(1039, 7299, 1, 14, 280),
(1040, 8793, 5, 4, 280),
(1041, 4187, 5, 14, 281),
(1042, 7990, 8, 14, 281),
(1043, 5344, 3, 4, 282),
(1044, 9387, 3, 14, 282),
(1045, 4010, 7, 12, 282),
(1046, 3258, 7, 3, 283),
(1047, 5511, 8, 14, 283),
(1048, 8824, 1, 3, 283),
(1049, 9910, 3, 3, 284),
(1050, 5857, 7, 3, 284),
(1051, 8660, 2, 4, 284),
(1052, 4022, 4, 4, 284),
(1053, 9480, 5, 14, 285),
(1054, 8928, 5, 4, 285),
(1055, 3235, 8, 14, 285),
(1056, 5486, 6, 3, 286),
(1057, 8301, 8, 3, 286),
(1058, 9926, 2, 4, 287),
(1059, 9366, 4, 3, 287),
(1060, 8838, 1, 14, 287),
(1061, 3843, 3, 14, 287),
(1062, 8144, 1, 12, 287),
(1063, 6458, 3, 4, 288),
(1064, 4767, 2, 4, 288),
(1065, 5565, 3, 3, 288),
(1066, 4820, 3, 12, 289),
(1067, 8321, 7, 14, 289),
(1068, 6256, 7, 12, 289),
(1069, 2824, 8, 14, 289),
(1070, 9355, 8, 4, 290),
(1071, 7666, 4, 4, 290),
(1072, 8483, 8, 3, 290),
(1073, 3631, 5, 12, 291),
(1074, 5836, 6, 3, 291),
(1075, 2561, 1, 12, 291),
(1076, 3421, 3, 14, 292),
(1077, 4782, 2, 4, 292),
(1078, 9881, 1, 14, 292),
(1079, 3349, 7, 4, 292),
(1080, 8455, 7, 14, 292),
(1081, 5238, 6, 12, 293),
(1082, 5570, 6, 3, 293),
(1083, 3126, 6, 4, 294),
(1084, 5263, 4, 3, 294),
(1085, 7314, 2, 4, 294),
(1086, 2691, 3, 14, 295),
(1087, 2606, 7, 14, 295),
(1088, 9398, 7, 14, 295),
(1089, 7035, 4, 14, 295),
(1090, 7687, 5, 3, 295),
(1091, 9583, 4, 3, 296),
(1092, 7375, 6, 4, 296),
(1093, 4097, 2, 12, 296),
(1094, 3090, 7, 4, 296),
(1095, 2549, 4, 3, 297),
(1096, 4680, 3, 3, 297),
(1097, 5956, 7, 14, 297),
(1098, 9647, 3, 4, 297),
(1099, 3488, 5, 12, 297),
(1100, 7126, 7, 3, 298),
(1101, 7855, 6, 14, 298),
(1102, 9327, 2, 12, 298),
(1103, 2613, 6, 3, 298),
(1104, 4223, 3, 12, 299),
(1105, 7323, 5, 14, 299),
(1106, 8259, 1, 3, 299),
(1107, 2678, 7, 14, 299),
(1108, 4499, 8, 3, 300),
(1109, 2841, 1, 12, 300),
(1110, 3497, 6, 4, 300),
(1111, 4690, 4, 12, 300),
(1112, 3726, 1, 14, 301),
(1113, 7123, 6, 12, 301),
(1114, 6586, 6, 3, 301),
(1115, 4289, 4, 12, 301),
(1116, 9350, 4, 12, 301),
(1117, 8409, 7, 12, 302),
(1118, 8997, 4, 12, 302),
(1119, 3150, 2, 12, 303),
(1120, 2562, 8, 4, 303),
(1121, 9755, 3, 4, 304),
(1122, 9007, 4, 3, 304),
(1123, 8265, 1, 14, 304),
(1124, 4095, 4, 12, 305),
(1125, 9902, 7, 14, 305),
(1126, 2501, 6, 4, 305),
(1127, 8188, 3, 14, 306),
(1128, 2926, 5, 3, 306),
(1129, 9356, 5, 14, 306),
(1130, 9529, 2, 4, 307),
(1131, 5299, 5, 14, 307),
(1132, 9998, 5, 3, 307),
(1133, 9831, 4, 14, 307),
(1134, 7410, 4, 3, 308),
(1135, 3509, 1, 4, 308),
(1136, 5453, 8, 3, 308),
(1137, 8304, 8, 3, 309),
(1138, 6666, 4, 12, 309),
(1139, 3132, 7, 14, 310),
(1140, 4143, 7, 4, 310),
(1141, 8841, 7, 14, 311),
(1142, 6752, 6, 12, 311),
(1143, 2976, 5, 4, 311),
(1144, 8468, 1, 3, 312),
(1145, 5061, 4, 3, 312),
(1146, 8022, 3, 3, 313),
(1147, 7212, 4, 12, 313),
(1148, 6247, 6, 3, 313),
(1149, 4795, 3, 14, 314),
(1150, 8883, 8, 12, 314),
(1151, 5829, 6, 3, 314),
(1152, 8910, 3, 12, 314),
(1153, 8811, 2, 4, 315),
(1154, 5688, 5, 3, 315),
(1155, 8793, 4, 14, 315),
(1156, 9377, 6, 3, 315),
(1157, 5861, 3, 3, 315),
(1158, 7926, 2, 14, 316),
(1159, 5623, 6, 14, 316),
(1160, 4814, 1, 3, 316),
(1161, 3830, 5, 4, 317),
(1162, 9935, 4, 3, 317),
(1163, 6956, 1, 14, 317),
(1164, 2920, 1, 12, 317),
(1165, 6265, 3, 4, 318),
(1166, 4425, 4, 14, 318),
(1167, 4668, 4, 14, 319),
(1168, 4495, 7, 3, 319),
(1169, 7038, 6, 4, 319),
(1170, 5055, 7, 3, 320),
(1171, 8694, 2, 3, 320),
(1172, 4258, 4, 14, 321),
(1173, 3058, 5, 3, 321),
(1174, 9375, 7, 3, 322),
(1175, 7343, 2, 14, 322),
(1176, 8667, 2, 3, 322),
(1177, 3683, 4, 3, 323),
(1178, 6216, 5, 12, 323),
(1179, 8407, 3, 12, 324),
(1180, 3808, 6, 14, 324),
(1181, 9614, 5, 12, 324),
(1182, 2834, 6, 3, 325),
(1183, 3021, 7, 3, 325),
(1184, 8991, 5, 3, 325),
(1185, 6782, 6, 12, 326),
(1186, 5436, 7, 12, 326),
(1187, 6765, 4, 12, 326),
(1188, 8171, 7, 14, 327),
(1189, 6391, 3, 3, 327),
(1190, 3987, 7, 4, 327),
(1191, 6603, 7, 14, 327),
(1192, 4408, 6, 12, 328),
(1193, 2706, 3, 14, 328),
(1194, 7484, 3, 12, 328),
(1195, 9084, 5, 14, 328),
(1196, 4208, 1, 3, 329),
(1197, 2910, 2, 12, 329),
(1198, 4459, 7, 14, 329),
(1199, 6874, 7, 12, 329),
(1200, 3691, 5, 3, 330),
(1201, 8468, 5, 3, 330),
(1202, 4427, 6, 3, 330),
(1203, 4787, 6, 4, 331),
(1204, 9824, 3, 14, 331),
(1205, 4705, 7, 14, 332),
(1206, 8952, 2, 14, 332),
(1207, 3555, 4, 4, 332),
(1208, 3454, 7, 12, 332),
(1209, 7612, 6, 14, 333),
(1210, 9553, 1, 12, 333),
(1211, 9748, 4, 14, 334),
(1212, 5910, 8, 12, 334),
(1213, 8603, 3, 12, 334),
(1214, 4167, 4, 3, 335),
(1215, 9488, 8, 3, 335),
(1216, 8581, 2, 4, 336),
(1217, 8760, 1, 3, 336),
(1218, 3104, 4, 3, 336),
(1219, 3293, 1, 3, 337),
(1220, 3071, 3, 14, 337),
(1221, 3628, 2, 12, 337),
(1222, 7683, 5, 12, 337),
(1223, 6306, 8, 3, 338),
(1224, 6542, 1, 3, 338),
(1225, 7874, 7, 12, 338),
(1226, 9293, 1, 4, 338),
(1227, 7453, 7, 14, 338),
(1228, 4131, 3, 4, 339),
(1229, 4634, 8, 14, 339),
(1230, 4772, 1, 14, 339),
(1231, 3343, 7, 3, 340),
(1232, 5055, 6, 4, 340),
(1233, 5330, 3, 14, 340),
(1234, 3106, 3, 4, 341),
(1235, 7668, 1, 4, 341),
(1236, 4728, 5, 12, 341),
(1237, 5913, 2, 4, 342),
(1238, 3310, 6, 4, 342),
(1239, 6702, 5, 12, 343),
(1240, 8384, 4, 14, 343),
(1241, 9578, 1, 14, 343),
(1242, 6051, 6, 12, 343),
(1243, 5841, 3, 14, 344),
(1244, 3058, 1, 12, 344),
(1245, 6611, 3, 3, 345),
(1246, 7512, 4, 3, 345),
(1247, 9332, 3, 4, 345),
(1248, 8702, 4, 12, 346),
(1249, 5330, 5, 3, 346),
(1250, 4312, 2, 12, 347),
(1251, 3808, 2, 14, 347),
(1252, 3659, 6, 3, 347),
(1253, 4218, 6, 14, 348),
(1254, 9892, 3, 3, 348),
(1255, 4199, 6, 14, 348),
(1256, 4249, 1, 4, 348),
(1257, 4814, 3, 3, 349),
(1258, 9646, 5, 4, 349),
(1259, 7966, 4, 14, 349),
(1260, 7873, 8, 12, 349),
(1261, 5954, 1, 14, 349),
(1262, 9561, 6, 3, 350),
(1263, 6427, 6, 3, 350),
(1264, 3873, 6, 14, 351),
(1265, 8312, 7, 4, 351),
(1266, 9037, 6, 14, 351),
(1267, 7745, 2, 14, 352),
(1268, 5363, 2, 12, 352),
(1269, 9622, 7, 3, 352),
(1270, 2702, 8, 12, 352),
(1271, 3891, 5, 4, 353),
(1272, 5761, 6, 12, 353),
(1273, 9736, 6, 3, 354),
(1274, 3253, 6, 4, 354),
(1275, 3849, 6, 4, 354),
(1276, 9242, 4, 3, 354),
(1277, 9880, 5, 3, 355),
(1278, 4032, 1, 4, 355),
(1279, 3078, 7, 3, 355),
(1280, 5260, 1, 3, 356),
(1281, 7398, 3, 3, 356),
(1282, 3268, 8, 12, 356),
(1283, 8528, 7, 4, 356),
(1284, 3301, 5, 3, 357),
(1285, 9807, 3, 12, 357),
(1286, 8980, 3, 14, 357),
(1287, 8629, 6, 12, 357),
(1288, 8656, 1, 4, 357),
(1289, 5328, 3, 14, 358),
(1290, 2931, 7, 12, 358),
(1291, 3975, 1, 14, 358),
(1292, 9755, 5, 4, 358),
(1293, 6234, 8, 14, 358),
(1294, 5951, 1, 12, 359),
(1295, 9398, 6, 14, 359),
(1296, 3691, 8, 12, 359),
(1297, 7172, 2, 4, 359),
(1298, 7487, 3, 4, 360),
(1299, 5981, 3, 12, 360),
(1300, 3333, 5, 12, 360),
(1301, 3629, 1, 12, 361),
(1302, 9617, 4, 12, 361),
(1303, 3699, 2, 3, 362),
(1304, 6737, 8, 3, 362),
(1305, 7226, 3, 4, 362),
(1306, 7636, 2, 4, 362),
(1307, 8287, 3, 3, 363),
(1308, 6370, 5, 12, 363),
(1309, 7729, 7, 12, 363),
(1310, 9837, 4, 3, 363),
(1311, 7055, 6, 4, 363),
(1312, 9102, 7, 12, 364),
(1313, 5969, 6, 14, 364),
(1314, 6220, 4, 3, 364),
(1315, 3486, 3, 14, 364),
(1316, 5235, 5, 14, 364),
(1317, 6023, 4, 4, 365),
(1318, 7633, 6, 14, 365),
(1319, 9987, 8, 12, 365),
(1320, 9291, 2, 12, 365),
(1321, 3889, 5, 14, 366),
(1322, 9043, 7, 4, 366),
(1323, 6613, 3, 4, 366),
(1324, 6063, 3, 14, 367),
(1325, 5759, 7, 14, 367),
(1326, 8470, 7, 14, 367),
(1327, 4793, 7, 3, 367),
(1328, 7533, 3, 3, 368),
(1329, 5042, 6, 3, 368),
(1330, 6469, 3, 4, 368),
(1331, 9181, 7, 3, 368),
(1332, 8717, 5, 4, 369),
(1333, 4812, 6, 3, 369),
(1334, 7122, 4, 4, 369),
(1335, 6621, 7, 4, 369),
(1336, 3963, 6, 14, 370),
(1337, 4229, 8, 12, 370),
(1338, 4196, 8, 3, 370),
(1339, 6568, 2, 14, 371),
(1340, 5652, 5, 4, 371),
(1341, 9547, 8, 3, 371),
(1342, 8056, 2, 12, 371),
(1343, 8241, 3, 4, 371),
(1344, 7553, 8, 12, 371),
(1345, 2751, 5, 12, 372),
(1346, 4207, 8, 12, 372),
(1347, 3736, 1, 12, 372),
(1348, 4986, 2, 4, 373),
(1349, 8034, 8, 14, 373),
(1350, 4618, 6, 3, 373),
(1351, 9502, 4, 3, 373),
(1352, 8736, 2, 3, 373),
(1353, 4084, 7, 4, 374),
(1354, 2975, 8, 4, 374),
(1355, 5644, 5, 14, 374),
(1356, 7297, 3, 14, 375),
(1357, 5988, 3, 4, 375),
(1358, 5269, 6, 3, 375),
(1359, 4384, 4, 3, 376),
(1360, 7331, 5, 12, 376),
(1361, 2571, 1, 4, 376),
(1362, 9043, 8, 14, 376),
(1363, 3592, 6, 14, 376),
(1364, 7571, 4, 14, 377),
(1365, 4198, 2, 12, 377),
(1366, 3639, 5, 14, 377),
(1367, 3119, 2, 14, 377),
(1368, 4560, 7, 4, 377),
(1369, 3870, 8, 4, 378),
(1370, 5118, 8, 14, 378),
(1371, 4517, 6, 12, 378),
(1372, 5879, 8, 3, 379),
(1373, 3846, 3, 3, 379),
(1374, 8560, 3, 14, 379),
(1375, 4415, 2, 14, 380),
(1376, 9131, 5, 3, 380),
(1377, 2975, 7, 4, 380),
(1378, 5578, 5, 4, 380),
(1379, 5299, 1, 12, 381),
(1380, 5210, 1, 12, 381),
(1381, 6527, 4, 3, 381),
(1382, 5776, 8, 14, 382),
(1383, 6049, 3, 4, 382),
(1384, 4670, 3, 12, 382),
(1385, 5413, 7, 3, 383),
(1386, 9012, 3, 12, 383),
(1387, 2767, 8, 12, 383),
(1388, 3121, 3, 4, 384),
(1389, 7520, 6, 4, 384),
(1390, 7444, 7, 4, 384),
(1391, 7132, 8, 14, 384),
(1392, 8841, 2, 3, 384),
(1393, 7783, 3, 4, 385),
(1394, 7379, 6, 4, 385),
(1395, 3320, 5, 12, 385),
(1396, 4123, 8, 4, 386),
(1397, 7874, 2, 12, 386),
(1398, 2510, 6, 14, 386),
(1399, 4820, 2, 4, 387),
(1400, 8582, 5, 14, 387),
(1401, 8883, 4, 4, 387),
(1402, 6140, 2, 14, 387),
(1403, 3568, 7, 14, 388),
(1404, 2578, 2, 4, 388),
(1405, 5335, 4, 12, 388),
(1406, 4873, 4, 14, 388),
(1407, 9287, 5, 4, 389),
(1408, 2936, 3, 14, 389),
(1409, 4431, 6, 3, 389),
(1410, 5018, 5, 14, 389),
(1411, 7703, 3, 3, 389),
(1412, 5231, 3, 12, 390),
(1413, 4367, 5, 12, 390),
(1414, 7980, 6, 3, 390),
(1415, 4296, 7, 4, 391),
(1416, 4272, 5, 12, 391),
(1417, 7863, 5, 3, 391),
(1418, 8594, 3, 3, 392),
(1419, 4774, 4, 12, 392),
(1420, 4213, 2, 12, 392),
(1421, 3565, 1, 3, 392),
(1422, 6903, 1, 14, 392),
(1423, 4733, 5, 3, 392),
(1424, 3362, 6, 4, 393),
(1425, 6845, 6, 12, 393),
(1426, 4213, 3, 14, 393),
(1427, 6454, 2, 3, 394),
(1428, 3622, 6, 14, 394),
(1429, 3685, 2, 14, 395),
(1430, 7091, 3, 3, 395),
(1431, 2896, 1, 12, 395),
(1432, 6821, 6, 12, 396),
(1433, 3399, 7, 12, 396),
(1434, 9859, 1, 14, 396),
(1435, 6797, 8, 14, 396),
(1436, 4231, 3, 14, 396),
(1437, 3222, 1, 4, 397),
(1438, 9258, 5, 14, 397),
(1439, 7747, 8, 4, 397),
(1440, 7859, 3, 14, 397),
(1441, 6754, 7, 4, 398),
(1442, 8930, 7, 12, 398),
(1443, 6448, 1, 14, 398),
(1444, 8159, 2, 3, 399),
(1445, 4570, 2, 12, 399),
(1446, 8183, 8, 12, 399),
(1447, 8099, 8, 14, 399),
(1448, 8411, 5, 14, 400),
(1449, 6462, 7, 14, 400),
(1450, 7335, 8, 3, 401),
(1451, 9183, 6, 3, 401),
(1452, 6543, 6, 14, 401),
(1453, 8586, 6, 14, 402),
(1454, 4054, 5, 3, 402),
(1455, 8534, 8, 4, 402),
(1456, 3571, 2, 14, 402),
(1457, 9232, 2, 14, 403),
(1458, 3776, 1, 4, 403),
(1459, 6384, 3, 4, 403),
(1460, 3650, 2, 12, 403),
(1461, 9512, 8, 12, 404),
(1462, 4905, 5, 12, 404),
(1463, 9294, 6, 14, 404),
(1464, 2759, 3, 14, 404),
(1465, 5592, 4, 12, 405),
(1466, 4611, 5, 14, 405),
(1467, 4936, 2, 4, 405),
(1468, 6703, 2, 3, 405),
(1469, 8411, 2, 3, 406),
(1470, 5892, 7, 4, 406),
(1471, 8622, 6, 14, 406),
(1472, 9744, 5, 4, 406),
(1473, 3086, 1, 4, 407),
(1474, 9854, 2, 3, 407),
(1475, 8110, 1, 14, 408),
(1476, 3367, 5, 12, 408),
(1477, 8248, 6, 12, 408),
(1478, 3658, 4, 4, 408),
(1479, 7457, 4, 12, 409),
(1480, 8327, 2, 12, 409),
(1481, 3335, 1, 12, 409),
(1482, 3409, 1, 4, 409),
(1483, 4864, 8, 12, 410),
(1484, 6353, 7, 14, 410),
(1485, 3955, 4, 3, 410),
(1486, 3784, 6, 14, 411),
(1487, 5738, 1, 14, 411),
(1488, 8761, 7, 14, 411),
(1489, 4097, 8, 3, 412),
(1490, 4995, 8, 3, 412),
(1491, 8633, 7, 3, 413),
(1492, 3770, 7, 12, 413),
(1493, 5544, 2, 12, 413),
(1494, 2797, 4, 14, 414),
(1495, 8334, 1, 3, 414),
(1496, 3829, 8, 3, 414),
(1497, 9276, 8, 14, 414),
(1498, 9629, 4, 12, 415),
(1499, 4440, 1, 3, 415),
(1500, 9669, 8, 14, 415),
(1501, 7495, 2, 12, 416),
(1502, 7512, 8, 4, 416),
(1503, 3398, 5, 14, 417),
(1504, 6229, 4, 14, 417),
(1505, 7375, 6, 12, 417),
(1506, 9119, 4, 14, 418),
(1507, 4467, 8, 3, 418),
(1508, 5355, 4, 14, 418),
(1509, 2967, 7, 14, 418),
(1510, 5627, 6, 4, 419),
(1511, 9180, 2, 12, 419),
(1512, 3721, 7, 4, 419),
(1513, 3994, 3, 4, 419),
(1514, 6587, 5, 14, 419),
(1515, 8783, 3, 4, 420),
(1516, 7322, 2, 3, 420),
(1517, 6841, 5, 14, 420),
(1518, 5815, 4, 4, 420),
(1519, 7582, 2, 12, 421),
(1520, 9750, 3, 12, 421),
(1521, 3276, 2, 4, 421),
(1522, 6798, 8, 14, 422),
(1523, 8346, 7, 14, 422),
(1524, 5347, 5, 12, 422),
(1525, 3671, 3, 12, 422),
(1526, 6241, 5, 3, 423),
(1527, 9510, 4, 12, 423),
(1528, 4830, 8, 14, 424),
(1529, 7479, 5, 4, 424),
(1530, 2632, 4, 12, 424),
(1531, 4306, 1, 4, 425),
(1532, 6647, 5, 14, 425),
(1533, 8857, 6, 3, 425),
(1534, 4516, 2, 14, 425),
(1535, 9220, 5, 4, 425),
(1536, 3470, 3, 3, 426),
(1537, 6137, 2, 4, 426),
(1538, 9787, 1, 4, 426),
(1539, 9248, 7, 12, 427),
(1540, 4319, 3, 14, 427),
(1541, 8105, 1, 12, 427),
(1542, 4618, 2, 14, 428),
(1543, 3641, 4, 3, 428),
(1544, 4445, 5, 4, 428),
(1545, 3433, 1, 3, 429),
(1546, 7535, 4, 12, 429),
(1547, 4683, 3, 12, 430),
(1548, 5157, 2, 12, 430),
(1549, 8833, 5, 12, 430),
(1550, 3427, 3, 14, 430),
(1551, 7301, 3, 4, 430),
(1552, 7452, 5, 3, 431),
(1553, 7831, 5, 4, 431),
(1554, 8925, 7, 4, 431),
(1555, 8755, 4, 14, 432),
(1556, 4452, 6, 3, 432),
(1557, 9064, 7, 14, 432),
(1558, 5175, 7, 3, 432),
(1559, 9126, 2, 4, 433),
(1560, 3109, 5, 14, 433),
(1561, 8388, 7, 3, 434),
(1562, 4276, 3, 3, 434),
(1563, 9128, 4, 12, 434),
(1564, 4552, 2, 3, 434),
(1565, 4983, 1, 3, 434),
(1566, 2734, 5, 12, 434),
(1567, 4219, 4, 4, 435),
(1568, 9133, 5, 4, 435),
(1569, 3666, 1, 12, 436),
(1570, 4182, 2, 12, 436),
(1571, 6824, 2, 4, 437),
(1572, 6160, 5, 14, 437),
(1573, 7551, 3, 4, 437),
(1574, 7144, 2, 4, 437),
(1575, 3775, 2, 4, 438),
(1576, 9624, 1, 12, 438),
(1577, 5407, 2, 12, 438),
(1578, 2745, 7, 3, 439),
(1579, 9227, 6, 3, 439),
(1580, 8289, 7, 14, 439),
(1581, 5686, 2, 12, 439),
(1582, 7021, 5, 14, 439),
(1583, 6401, 8, 14, 439),
(1584, 3814, 7, 14, 440),
(1585, 4879, 2, 3, 440),
(1586, 4292, 2, 12, 440),
(1587, 5020, 2, 3, 440),
(1588, 4826, 8, 14, 441),
(1589, 6199, 8, 14, 441),
(1590, 6584, 6, 14, 441),
(1591, 7033, 8, 12, 441),
(1592, 6815, 6, 14, 441),
(1593, 5138, 7, 14, 442),
(1594, 6150, 7, 14, 442),
(1595, 5261, 6, 3, 442),
(1596, 5591, 8, 14, 442),
(1597, 4272, 7, 12, 442),
(1598, 4554, 8, 14, 443),
(1599, 5021, 2, 3, 443),
(1600, 3858, 8, 3, 443),
(1601, 3564, 3, 4, 444),
(1602, 7836, 6, 3, 444),
(1603, 6337, 8, 12, 444),
(1604, 3888, 1, 14, 445),
(1605, 8038, 2, 3, 445),
(1606, 8354, 5, 3, 446),
(1607, 3509, 2, 4, 446),
(1608, 8301, 3, 3, 446),
(1609, 7406, 4, 14, 447),
(1610, 8863, 6, 12, 447),
(1611, 5016, 1, 14, 448),
(1612, 4483, 6, 12, 448),
(1613, 2792, 6, 4, 448),
(1614, 3498, 2, 14, 448),
(1615, 6106, 4, 4, 448),
(1616, 9087, 8, 14, 449),
(1617, 5300, 7, 12, 449),
(1618, 6073, 5, 4, 449),
(1619, 3661, 5, 12, 450),
(1620, 8047, 8, 12, 450),
(1621, 9448, 7, 12, 450),
(1622, 5387, 8, 14, 451),
(1623, 4131, 6, 12, 451),
(1624, 6938, 2, 3, 451),
(1625, 9250, 1, 14, 452),
(1626, 8073, 7, 12, 452),
(1627, 7962, 6, 4, 452),
(1628, 7073, 4, 3, 452),
(1629, 4951, 3, 14, 453),
(1630, 9659, 3, 4, 453),
(1631, 8190, 2, 14, 454),
(1632, 6427, 3, 3, 454),
(1633, 3884, 2, 4, 455),
(1634, 9008, 3, 12, 455),
(1635, 5389, 3, 4, 456),
(1636, 9892, 6, 3, 456),
(1637, 5324, 4, 4, 456),
(1638, 9408, 3, 3, 456),
(1639, 3333, 6, 3, 457),
(1640, 9999, 7, 12, 457),
(1641, 3393, 8, 3, 457),
(1642, 4619, 1, 4, 457),
(1643, 5254, 1, 12, 458),
(1644, 9975, 2, 12, 458),
(1645, 4092, 3, 14, 458),
(1646, 4463, 7, 14, 458),
(1647, 4711, 4, 12, 459),
(1648, 8321, 1, 3, 459),
(1649, 6934, 2, 3, 459),
(1650, 9329, 6, 3, 459),
(1651, 8178, 2, 14, 460),
(1652, 8048, 2, 12, 460),
(1653, 3020, 7, 14, 460),
(1654, 3327, 7, 3, 460),
(1655, 6572, 6, 3, 461),
(1656, 3648, 8, 12, 461),
(1657, 8795, 2, 4, 461),
(1658, 8995, 6, 12, 461),
(1659, 7061, 5, 4, 461),
(1660, 8688, 5, 4, 462),
(1661, 5974, 6, 3, 462),
(1662, 3875, 5, 12, 462),
(1663, 7982, 8, 12, 463),
(1664, 9105, 5, 14, 463),
(1665, 3360, 4, 4, 463),
(1666, 6487, 4, 12, 464),
(1667, 3548, 5, 14, 464),
(1668, 5477, 3, 14, 465),
(1669, 8259, 2, 3, 465),
(1670, 4278, 7, 4, 465),
(1671, 7335, 3, 14, 465),
(1672, 5941, 7, 14, 465),
(1673, 4473, 6, 14, 466),
(1674, 8669, 7, 3, 466),
(1675, 9450, 5, 3, 466),
(1676, 8135, 4, 3, 467),
(1677, 8034, 8, 14, 467),
(1678, 4252, 2, 4, 467),
(1679, 6677, 8, 3, 467),
(1680, 3031, 7, 12, 468),
(1681, 8179, 1, 3, 468),
(1682, 2699, 6, 14, 469),
(1683, 2595, 7, 12, 469),
(1684, 8465, 8, 3, 469),
(1685, 3114, 4, 12, 469),
(1686, 3282, 3, 4, 470),
(1687, 6220, 4, 12, 470),
(1688, 5671, 5, 14, 470),
(1689, 9471, 2, 4, 470),
(1690, 9670, 8, 14, 471),
(1691, 4937, 5, 3, 471),
(1692, 3567, 2, 12, 471),
(1693, 8946, 6, 12, 471),
(1694, 5582, 5, 12, 472),
(1695, 8426, 6, 12, 472),
(1696, 2704, 4, 14, 472),
(1697, 4541, 2, 12, 473),
(1698, 5347, 4, 14, 473),
(1699, 4959, 7, 12, 473),
(1700, 8842, 6, 4, 473),
(1701, 8218, 6, 3, 474),
(1702, 5824, 1, 12, 474),
(1703, 6779, 1, 4, 474),
(1704, 6113, 6, 3, 474),
(1705, 9533, 2, 12, 475),
(1706, 3713, 6, 12, 475),
(1707, 8037, 8, 12, 475),
(1708, 6757, 7, 12, 475),
(1709, 6277, 6, 12, 475),
(1710, 9379, 6, 4, 476),
(1711, 3214, 3, 4, 476),
(1712, 3287, 2, 14, 476),
(1713, 8809, 8, 4, 477),
(1714, 7254, 3, 3, 477),
(1715, 8041, 6, 12, 477),
(1716, 5273, 7, 14, 477),
(1717, 6049, 3, 3, 477),
(1718, 7338, 8, 14, 478),
(1719, 7082, 7, 3, 478),
(1720, 8661, 3, 14, 479),
(1721, 9277, 4, 14, 479),
(1722, 7940, 6, 4, 479),
(1723, 8414, 1, 14, 480),
(1724, 4861, 4, 4, 480),
(1725, 8281, 1, 14, 481),
(1726, 6041, 5, 12, 481),
(1727, 6726, 4, 3, 481),
(1728, 6568, 8, 14, 481),
(1729, 9596, 4, 12, 482),
(1730, 5639, 6, 3, 482),
(1731, 3715, 4, 14, 483),
(1732, 9199, 5, 4, 483),
(1733, 6524, 3, 14, 483),
(1734, 5151, 4, 12, 483),
(1735, 9955, 3, 14, 484),
(1736, 3707, 7, 14, 484),
(1737, 2811, 8, 14, 484),
(1738, 4123, 1, 14, 484),
(1739, 8790, 7, 12, 484),
(1740, 9702, 1, 4, 485),
(1741, 9073, 8, 14, 485),
(1742, 5331, 8, 14, 485),
(1743, 5128, 4, 4, 486),
(1744, 5044, 5, 12, 486),
(1745, 7189, 4, 3, 486),
(1746, 2773, 7, 14, 486),
(1747, 6339, 2, 14, 486),
(1748, 5843, 2, 3, 487),
(1749, 5372, 8, 4, 487),
(1750, 5952, 2, 4, 487),
(1751, 7130, 8, 14, 487),
(1752, 6039, 1, 12, 488),
(1753, 4543, 5, 4, 488),
(1754, 3724, 3, 12, 488),
(1755, 8324, 6, 14, 488),
(1756, 9009, 8, 3, 489),
(1757, 4302, 1, 4, 489),
(1758, 9889, 1, 3, 489),
(1759, 9963, 3, 3, 490),
(1760, 3086, 6, 12, 490),
(1761, 7122, 2, 4, 490),
(1762, 5189, 8, 14, 491),
(1763, 4240, 1, 3, 491),
(1764, 5636, 2, 3, 492),
(1765, 9701, 3, 12, 492),
(1766, 5575, 5, 14, 493),
(1767, 7013, 4, 3, 493),
(1768, 2805, 5, 3, 494),
(1769, 2614, 4, 12, 494),
(1770, 4751, 7, 14, 494),
(1771, 9335, 7, 12, 494),
(1772, 2764, 2, 14, 495),
(1773, 4524, 4, 12, 495),
(1774, 8097, 2, 3, 495),
(1775, 7887, 6, 4, 496),
(1776, 2541, 6, 12, 496),
(1777, 2545, 7, 4, 496),
(1778, 4752, 3, 14, 496),
(1779, 6566, 5, 14, 497),
(1780, 5932, 8, 14, 497),
(1781, 9269, 6, 3, 497),
(1782, 6429, 6, 4, 498),
(1783, 8952, 7, 4, 498),
(1784, 5283, 3, 14, 498),
(1785, 3983, 8, 3, 498),
(1786, 5037, 1, 4, 498),
(1787, 9335, 1, 14, 498),
(1788, 8111, 7, 12, 499),
(1789, 4645, 5, 14, 499),
(1790, 4106, 5, 3, 499),
(1791, 3681, 2, 4, 500),
(1792, 7724, 5, 3, 500),
(1793, 2737, 3, 14, 500),
(1794, 8775, 2, 3, 500),
(1795, 5201, 4, 4, 500),
(1796, 9016, 5, 4, 500),
(1797, 6086, 1, 4, 501),
(1798, 8379, 8, 4, 501),
(1799, 5426, 3, 14, 501),
(1800, 3363, 3, 3, 501),
(1801, 3108, 6, 14, 501),
(1802, 3664, 3, 3, 502),
(1803, 8010, 1, 4, 502),
(1804, 4688, 3, 12, 502),
(1805, 8352, 1, 12, 502),
(1806, 6784, 8, 12, 503),
(1807, 6719, 1, 12, 503),
(1808, 4955, 8, 14, 504),
(1809, 8922, 2, 3, 504),
(1810, 5074, 4, 12, 504),
(1811, 7243, 5, 4, 504),
(1812, 6237, 8, 3, 505),
(1813, 9526, 4, 4, 505),
(1814, 8473, 3, 14, 505),
(1815, 8015, 1, 4, 505),
(1816, 5351, 6, 14, 505),
(1817, 3475, 7, 4, 506),
(1818, 9996, 7, 3, 506),
(1819, 2878, 3, 12, 506),
(1820, 3512, 7, 4, 506),
(1821, 4364, 4, 3, 507),
(1822, 9272, 1, 3, 507),
(1823, 5627, 6, 3, 507),
(1824, 3310, 1, 12, 508),
(1825, 8861, 4, 4, 508),
(1826, 3800, 7, 4, 508),
(1827, 9078, 7, 14, 508),
(1828, 5167, 3, 14, 509),
(1829, 6773, 1, 4, 509),
(1830, 9415, 5, 12, 509),
(1831, 9799, 8, 4, 510),
(1832, 6108, 4, 12, 510),
(1833, 3716, 5, 3, 510),
(1834, 5066, 6, 3, 510),
(1835, 2918, 6, 3, 511),
(1836, 3785, 3, 14, 511),
(1837, 6426, 6, 14, 512),
(1838, 9084, 8, 12, 512),
(1839, 7061, 6, 3, 512),
(1840, 4035, 5, 4, 512),
(1841, 5746, 3, 14, 513),
(1842, 7309, 2, 14, 513),
(1843, 6351, 6, 3, 513),
(1844, 4227, 2, 14, 513),
(1845, 9152, 1, 4, 514),
(1846, 5310, 3, 3, 514),
(1847, 6353, 4, 12, 515),
(1848, 3803, 4, 12, 515),
(1849, 9925, 3, 3, 515),
(1850, 5301, 4, 4, 516),
(1851, 5643, 3, 14, 516),
(1852, 8078, 8, 12, 516),
(1853, 9092, 4, 12, 517),
(1854, 8221, 1, 4, 517),
(1855, 9686, 4, 14, 517),
(1856, 6100, 2, 12, 517),
(1857, 6114, 2, 4, 517),
(1858, 5067, 8, 12, 517),
(1859, 3812, 6, 3, 518),
(1860, 8991, 6, 4, 518),
(1861, 6132, 2, 3, 519),
(1862, 5272, 6, 12, 519),
(1863, 6333, 8, 4, 519),
(1864, 7899, 2, 14, 519),
(1865, 3639, 2, 12, 520),
(1866, 3064, 7, 12, 520),
(1867, 9535, 7, 14, 520),
(1868, 9710, 3, 12, 520),
(1869, 2936, 1, 4, 521),
(1870, 8219, 5, 3, 521),
(1871, 3065, 5, 3, 522),
(1872, 9730, 6, 14, 522),
(1873, 7953, 8, 14, 522),
(1874, 9524, 5, 14, 523),
(1875, 4492, 2, 14, 523),
(1876, 9433, 2, 3, 524),
(1877, 4918, 7, 14, 524),
(1878, 4358, 7, 3, 524),
(1879, 9254, 8, 4, 524),
(1880, 6527, 6, 4, 525),
(1881, 3489, 3, 14, 525),
(1882, 8168, 8, 12, 526),
(1883, 9544, 1, 12, 526),
(1884, 3956, 7, 3, 527),
(1885, 6186, 8, 4, 527),
(1886, 8699, 2, 14, 527),
(1887, 4352, 8, 3, 527),
(1888, 8752, 3, 4, 528),
(1889, 8533, 4, 3, 528),
(1890, 4466, 7, 4, 528),
(1891, 5500, 8, 14, 529),
(1892, 5125, 8, 14, 529),
(1893, 6217, 5, 4, 529),
(1894, 9157, 5, 12, 529),
(1895, 5937, 2, 12, 530),
(1896, 6007, 6, 14, 530),
(1897, 7466, 5, 3, 530),
(1898, 6077, 4, 3, 530),
(1899, 3018, 6, 4, 531),
(1900, 7476, 5, 14, 531),
(1901, 7250, 6, 3, 531),
(1902, 2600, 5, 4, 532),
(1903, 2734, 1, 3, 532),
(1904, 4721, 2, 4, 532),
(1905, 2652, 1, 4, 532),
(1906, 8010, 4, 4, 533),
(1907, 6350, 5, 4, 533),
(1908, 3736, 7, 4, 533),
(1909, 8078, 4, 14, 534),
(1910, 4421, 8, 3, 534),
(1911, 4453, 3, 4, 534),
(1912, 2851, 7, 4, 535),
(1913, 9022, 1, 4, 535),
(1914, 7684, 1, 12, 535),
(1915, 4253, 2, 14, 536),
(1916, 7970, 8, 14, 536),
(1917, 6849, 8, 3, 537),
(1918, 9913, 1, 4, 537),
(1919, 4597, 7, 14, 537),
(1920, 6205, 7, 4, 538),
(1921, 5374, 8, 12, 538),
(1922, 7384, 3, 3, 538),
(1923, 2877, 1, 12, 538),
(1924, 3688, 5, 3, 538),
(1925, 8590, 2, 4, 539),
(1926, 3776, 8, 4, 539),
(1927, 8314, 6, 14, 539),
(1928, 8583, 4, 14, 539),
(1929, 4590, 3, 14, 540),
(1930, 8438, 5, 12, 540),
(1931, 7623, 1, 12, 541),
(1932, 4804, 4, 14, 541),
(1933, 7797, 3, 14, 541),
(1934, 5781, 2, 4, 541),
(1935, 7580, 7, 4, 542),
(1936, 4482, 5, 4, 542),
(1937, 9527, 3, 3, 542),
(1938, 5981, 7, 4, 542),
(1939, 7405, 3, 12, 543),
(1940, 4767, 3, 12, 543),
(1941, 3938, 4, 4, 543),
(1942, 5996, 5, 4, 543),
(1943, 5797, 6, 12, 543),
(1944, 4437, 4, 4, 544),
(1945, 5866, 8, 14, 544),
(1946, 3517, 3, 14, 545),
(1947, 5280, 6, 14, 545),
(1948, 6712, 3, 3, 545),
(1949, 6632, 2, 14, 546),
(1950, 5223, 5, 14, 546),
(1951, 9243, 2, 14, 546),
(1952, 9389, 4, 12, 547),
(1953, 7733, 5, 12, 547),
(1954, 3958, 1, 14, 547),
(1955, 4636, 1, 14, 547),
(1956, 6161, 8, 4, 548),
(1957, 5164, 1, 12, 548),
(1958, 9925, 2, 12, 549),
(1959, 4751, 7, 14, 549),
(1960, 9967, 6, 4, 549),
(1961, 4179, 8, 4, 550),
(1962, 9385, 2, 4, 550),
(1963, 8393, 1, 3, 551),
(1964, 4601, 8, 12, 551),
(1965, 7676, 7, 3, 551),
(1966, 6299, 7, 4, 551),
(1967, 8501, 5, 4, 552),
(1968, 6848, 8, 3, 552),
(1969, 4802, 3, 12, 552),
(1970, 4365, 3, 4, 553),
(1971, 4473, 7, 4, 553),
(1972, 3238, 5, 12, 553),
(1973, 5777, 5, 3, 553),
(1974, 5542, 6, 3, 553),
(1975, 4158, 2, 12, 554),
(1976, 9882, 5, 3, 554),
(1977, 6355, 7, 14, 554),
(1978, 6885, 3, 14, 555),
(1979, 7580, 2, 3, 555),
(1980, 7402, 7, 4, 555),
(1981, 8391, 3, 4, 556),
(1982, 9697, 2, 3, 556),
(1983, 4321, 8, 14, 556),
(1984, 7262, 6, 14, 556),
(1985, 7491, 7, 4, 557),
(1986, 7051, 8, 3, 557),
(1987, 4732, 8, 3, 557),
(1988, 8639, 7, 4, 557),
(1989, 7328, 8, 3, 558),
(1990, 5234, 4, 4, 558),
(1991, 4140, 3, 3, 559),
(1992, 3024, 8, 4, 559),
(1993, 9338, 6, 4, 560),
(1994, 6915, 8, 4, 560),
(1995, 2929, 6, 4, 561),
(1996, 4654, 8, 3, 561),
(1997, 9147, 8, 4, 561),
(1998, 3011, 7, 12, 561),
(1999, 8943, 7, 12, 561),
(2000, 3727, 2, 12, 561),
(2001, 5458, 1, 14, 562),
(2002, 9694, 6, 12, 562),
(2003, 4625, 1, 4, 562),
(2004, 5556, 8, 12, 563),
(2005, 7601, 8, 4, 563),
(2006, 7224, 5, 3, 563),
(2007, 3409, 2, 4, 563),
(2008, 8485, 2, 14, 563),
(2009, 8779, 3, 12, 564),
(2010, 9006, 6, 12, 564),
(2011, 9905, 1, 12, 564),
(2012, 7455, 1, 12, 565),
(2013, 8627, 4, 4, 565),
(2014, 9975, 1, 12, 565),
(2015, 9712, 1, 4, 566),
(2016, 5025, 4, 3, 566),
(2017, 8818, 3, 4, 566),
(2018, 4673, 8, 4, 567),
(2019, 3846, 2, 4, 567),
(2020, 5098, 4, 12, 567),
(2021, 4093, 2, 14, 567),
(2022, 4199, 1, 14, 567),
(2023, 4880, 4, 12, 568),
(2024, 5184, 4, 12, 568),
(2025, 2653, 8, 4, 569),
(2026, 3151, 8, 3, 569),
(2027, 9474, 3, 14, 569),
(2028, 9989, 7, 14, 570),
(2029, 8359, 1, 12, 570),
(2030, 6458, 4, 4, 570),
(2031, 3713, 7, 3, 570),
(2032, 5056, 4, 4, 571),
(2033, 5170, 3, 3, 571),
(2034, 8065, 6, 3, 571),
(2035, 3040, 2, 4, 572),
(2036, 8783, 7, 3, 572),
(2037, 8974, 7, 14, 572),
(2038, 2795, 7, 12, 572),
(2039, 8723, 4, 3, 572),
(2040, 4784, 8, 12, 573),
(2041, 8457, 4, 3, 573),
(2042, 5706, 8, 3, 573),
(2043, 8717, 5, 4, 573),
(2044, 3429, 8, 3, 574),
(2045, 2720, 8, 12, 574),
(2046, 6783, 4, 4, 574),
(2047, 4977, 5, 4, 574),
(2048, 7953, 7, 3, 575),
(2049, 3463, 2, 12, 575),
(2050, 8571, 2, 3, 575),
(2051, 9613, 2, 4, 576),
(2052, 5649, 8, 4, 576),
(2053, 9877, 8, 3, 576),
(2054, 2595, 8, 14, 577),
(2055, 5038, 4, 14, 577),
(2056, 9410, 8, 3, 577),
(2057, 9746, 6, 3, 578),
(2058, 2564, 6, 3, 578),
(2059, 9709, 6, 12, 578),
(2060, 5200, 4, 4, 578),
(2061, 4228, 4, 12, 579),
(2062, 2849, 7, 4, 579),
(2063, 9448, 2, 4, 579),
(2064, 8246, 2, 14, 579),
(2065, 4505, 7, 12, 580),
(2066, 3777, 4, 12, 580),
(2067, 9893, 7, 3, 580),
(2068, 9234, 6, 3, 580),
(2069, 7212, 5, 3, 580),
(2070, 6019, 6, 3, 581),
(2071, 8777, 8, 4, 581),
(2072, 4630, 2, 3, 581),
(2073, 7232, 2, 14, 581),
(2074, 9648, 2, 3, 582),
(2075, 4007, 6, 4, 582),
(2076, 6016, 2, 14, 583),
(2077, 4916, 4, 4, 583),
(2078, 7045, 5, 4, 583),
(2079, 7065, 4, 12, 583),
(2080, 7896, 1, 12, 584),
(2081, 3247, 5, 3, 584),
(2082, 2827, 4, 4, 585),
(2083, 7866, 8, 4, 585),
(2084, 6839, 7, 14, 585),
(2085, 5435, 4, 12, 585),
(2086, 2942, 2, 3, 585),
(2087, 5795, 2, 14, 586),
(2088, 2955, 3, 4, 586),
(2089, 3807, 4, 3, 586),
(2090, 3322, 2, 3, 587),
(2091, 9344, 6, 12, 587),
(2092, 6564, 3, 3, 587),
(2093, 5307, 5, 14, 587),
(2094, 3487, 2, 3, 588),
(2095, 4877, 5, 4, 588),
(2096, 8008, 8, 4, 588),
(2097, 4467, 8, 3, 588),
(2098, 7206, 8, 12, 588),
(2099, 5296, 3, 4, 589),
(2100, 4621, 4, 4, 589),
(2101, 7727, 4, 14, 590),
(2102, 3354, 8, 12, 590),
(2103, 5478, 3, 12, 590),
(2104, 3045, 4, 4, 590),
(2105, 9158, 1, 12, 590),
(2106, 5861, 7, 4, 591),
(2107, 7506, 2, 12, 591),
(2108, 9971, 7, 3, 591),
(2109, 3522, 2, 12, 592),
(2110, 9948, 6, 4, 592),
(2111, 8188, 8, 3, 592),
(2112, 9796, 6, 4, 592),
(2113, 4107, 7, 12, 593),
(2114, 5815, 6, 14, 593),
(2115, 4689, 1, 4, 593),
(2116, 5791, 6, 14, 593),
(2117, 6925, 5, 14, 594),
(2118, 5280, 2, 14, 594),
(2119, 9822, 8, 14, 594),
(2120, 4291, 7, 4, 594),
(2121, 8487, 1, 12, 594),
(2122, 6691, 5, 14, 595),
(2123, 3304, 3, 4, 595),
(2124, 3081, 8, 12, 595),
(2125, 3372, 4, 3, 595),
(2126, 4602, 8, 12, 595),
(2127, 9874, 6, 14, 596),
(2128, 7172, 2, 14, 596),
(2129, 7752, 4, 12, 597),
(2130, 9090, 6, 4, 597),
(2131, 4973, 4, 12, 597),
(2132, 7292, 2, 4, 597),
(2133, 8529, 4, 3, 598),
(2134, 4602, 5, 14, 598),
(2135, 2817, 7, 4, 598),
(2136, 7999, 5, 4, 598),
(2137, 3317, 1, 14, 598),
(2138, 3007, 1, 12, 598),
(2139, 3870, 6, 4, 599),
(2140, 6855, 2, 14, 599),
(2141, 8651, 7, 14, 600),
(2142, 5729, 1, 14, 600),
(2143, 5012, 2, 12, 600),
(2144, 4074, 8, 12, 600),
(2145, 5632, 3, 4, 601),
(2146, 8522, 6, 14, 601),
(2147, 8865, 3, 3, 601),
(2148, 9729, 5, 14, 601),
(2149, 9508, 4, 3, 602),
(2150, 7198, 5, 3, 602),
(2151, 5134, 2, 14, 602),
(2152, 8206, 4, 4, 603),
(2153, 8020, 2, 12, 603),
(2154, 5004, 2, 12, 603),
(2155, 8858, 8, 12, 603),
(2156, 2964, 8, 12, 604),
(2157, 7730, 2, 3, 604),
(2158, 4967, 7, 12, 604),
(2159, 6814, 2, 4, 604),
(2160, 9281, 3, 4, 605),
(2161, 4599, 1, 4, 605),
(2162, 6540, 8, 4, 605),
(2163, 5524, 1, 3, 605),
(2164, 5479, 6, 4, 605),
(2165, 5248, 4, 12, 606),
(2166, 4988, 5, 12, 606),
(2167, 7331, 5, 12, 606),
(2168, 9327, 5, 12, 606),
(2169, 5705, 8, 14, 607),
(2170, 4914, 3, 12, 607),
(2171, 9834, 8, 12, 607),
(2172, 2929, 5, 14, 607),
(2173, 3725, 5, 14, 608),
(2174, 4609, 6, 3, 608),
(2175, 8416, 7, 12, 608),
(2176, 4088, 7, 4, 608),
(2177, 9722, 7, 12, 609),
(2178, 9299, 4, 14, 609),
(2179, 9837, 2, 12, 609),
(2180, 6727, 6, 3, 610),
(2181, 3257, 8, 12, 610),
(2182, 8556, 8, 4, 610),
(2183, 9763, 7, 4, 610),
(2184, 4257, 2, 4, 611),
(2185, 7957, 3, 14, 611),
(2186, 3775, 3, 4, 611),
(2187, 8246, 2, 4, 611),
(2188, 7056, 4, 14, 612);
INSERT INTO `produits_commandes` (`id`, `prix`, `quantite`, `produit_id`, `commande_id`) VALUES
(2189, 5525, 6, 3, 612),
(2190, 7085, 4, 3, 612),
(2191, 9040, 7, 14, 613),
(2192, 3802, 1, 3, 613),
(2193, 9398, 6, 4, 613),
(2194, 9557, 7, 4, 614),
(2195, 5418, 2, 4, 614),
(2196, 9656, 5, 14, 614),
(2197, 6148, 1, 14, 615),
(2198, 7655, 4, 14, 615),
(2199, 8558, 8, 12, 615),
(2200, 9816, 8, 3, 615),
(2201, 5584, 3, 12, 616),
(2202, 8632, 5, 12, 616),
(2203, 3879, 3, 14, 616),
(2204, 6565, 5, 3, 616),
(2205, 5239, 2, 14, 616),
(2206, 5685, 8, 12, 617),
(2207, 2693, 7, 3, 617),
(2208, 7639, 3, 12, 617),
(2209, 9188, 6, 12, 617),
(2210, 2527, 1, 3, 618),
(2211, 9091, 4, 4, 618),
(2212, 6887, 2, 14, 618),
(2213, 2721, 4, 3, 618),
(2214, 6449, 2, 14, 619),
(2215, 6031, 2, 3, 619),
(2216, 4075, 6, 14, 619),
(2217, 7908, 2, 14, 620),
(2218, 9775, 1, 4, 620),
(2219, 3848, 4, 3, 620),
(2220, 4323, 1, 4, 620),
(2221, 5116, 5, 4, 621),
(2222, 3757, 1, 14, 621),
(2223, 2900, 2, 14, 621),
(2224, 5479, 4, 3, 622),
(2225, 6495, 5, 12, 622),
(2226, 9799, 3, 4, 622),
(2227, 7476, 7, 12, 622),
(2228, 8985, 6, 3, 623),
(2229, 6761, 8, 12, 623),
(2230, 4738, 5, 3, 623),
(2231, 3519, 5, 3, 623),
(2232, 9296, 6, 14, 623),
(2233, 5160, 8, 14, 624),
(2234, 7661, 7, 4, 624),
(2235, 2926, 4, 14, 625),
(2236, 3233, 1, 4, 625),
(2237, 8557, 2, 14, 625),
(2238, 9597, 3, 12, 625),
(2239, 7872, 6, 4, 626),
(2240, 5463, 4, 4, 626),
(2241, 6290, 5, 14, 626),
(2242, 9994, 5, 4, 627),
(2243, 2569, 3, 12, 627),
(2244, 4639, 1, 4, 627),
(2245, 4548, 3, 4, 628),
(2246, 9510, 5, 3, 628),
(2247, 8510, 5, 3, 628),
(2248, 9116, 1, 12, 629),
(2249, 9019, 8, 12, 629),
(2250, 4012, 4, 3, 629),
(2251, 2894, 5, 4, 630),
(2252, 3535, 5, 4, 630),
(2253, 7992, 3, 3, 630),
(2254, 7349, 3, 14, 631),
(2255, 4355, 6, 3, 631),
(2256, 8206, 7, 12, 631),
(2257, 7946, 1, 14, 631),
(2258, 7336, 5, 14, 631),
(2259, 9015, 3, 4, 632),
(2260, 5462, 2, 12, 632),
(2261, 3535, 3, 12, 632),
(2262, 9427, 2, 3, 632),
(2263, 5514, 5, 4, 632),
(2264, 3552, 7, 3, 632),
(2265, 2804, 3, 3, 633),
(2266, 8052, 4, 12, 633),
(2267, 8812, 1, 12, 633),
(2268, 9415, 4, 3, 634),
(2269, 7677, 6, 4, 634),
(2270, 5680, 2, 12, 635),
(2271, 4663, 3, 12, 635),
(2272, 9637, 4, 3, 635),
(2273, 3302, 2, 4, 635),
(2274, 7601, 8, 3, 636),
(2275, 5117, 5, 12, 636),
(2276, 6335, 4, 14, 636),
(2277, 3146, 5, 14, 637),
(2278, 2893, 7, 3, 637),
(2279, 4241, 4, 3, 637),
(2280, 4884, 5, 12, 637),
(2281, 6358, 3, 12, 637),
(2282, 7140, 8, 4, 638),
(2283, 5841, 5, 4, 638),
(2284, 2936, 6, 4, 638),
(2285, 9785, 3, 4, 639),
(2286, 8585, 8, 3, 639),
(2287, 5323, 8, 14, 639),
(2288, 4375, 5, 4, 639),
(2289, 3729, 6, 12, 639),
(2290, 3731, 8, 4, 640),
(2291, 4082, 5, 14, 640),
(2292, 8697, 6, 12, 640),
(2293, 2887, 4, 4, 640),
(2294, 4884, 1, 14, 641),
(2295, 4681, 8, 12, 641),
(2296, 9335, 6, 14, 641),
(2297, 9746, 6, 14, 641),
(2298, 3309, 2, 12, 642),
(2299, 3747, 7, 14, 642),
(2300, 4346, 1, 4, 643),
(2301, 3970, 7, 4, 643),
(2302, 9752, 2, 12, 643),
(2303, 4493, 3, 4, 643),
(2304, 5891, 2, 3, 643),
(2305, 7783, 3, 12, 644),
(2306, 2728, 7, 4, 644),
(2307, 3317, 8, 4, 644),
(2308, 3061, 7, 14, 645),
(2309, 2534, 8, 3, 645),
(2310, 9692, 3, 4, 645),
(2311, 7117, 6, 12, 645),
(2312, 9983, 7, 14, 645),
(2313, 3727, 4, 3, 646),
(2314, 8023, 4, 12, 646),
(2315, 7691, 8, 4, 646),
(2316, 7700, 2, 3, 647),
(2317, 5773, 8, 14, 647),
(2318, 5274, 3, 12, 647),
(2319, 4013, 1, 3, 648),
(2320, 7383, 5, 12, 648),
(2321, 9636, 4, 14, 648),
(2322, 9018, 6, 14, 649),
(2323, 9681, 6, 3, 649),
(2324, 4760, 3, 3, 649),
(2325, 8441, 2, 4, 650),
(2326, 3393, 5, 12, 650),
(2327, 5390, 5, 14, 650),
(2328, 4819, 3, 3, 650),
(2329, 8537, 7, 3, 651),
(2330, 8798, 1, 4, 651),
(2331, 4525, 3, 3, 651),
(2332, 8729, 6, 3, 652),
(2333, 3510, 6, 4, 652),
(2334, 8640, 4, 4, 652),
(2335, 9582, 2, 3, 653),
(2336, 7628, 5, 14, 653),
(2337, 8184, 5, 14, 654),
(2338, 3702, 7, 12, 654),
(2339, 3795, 5, 14, 654),
(2340, 6373, 4, 12, 654),
(2341, 5648, 2, 14, 655),
(2342, 8194, 7, 4, 655),
(2343, 3161, 6, 12, 655),
(2344, 3019, 6, 12, 655),
(2345, 3537, 7, 3, 656),
(2346, 7058, 4, 4, 656),
(2347, 9064, 5, 14, 656),
(2348, 8373, 7, 14, 657),
(2349, 8476, 2, 4, 657),
(2350, 2926, 8, 14, 657),
(2351, 6430, 5, 3, 657),
(2352, 9180, 5, 4, 657),
(2353, 2943, 7, 14, 658),
(2354, 8075, 7, 4, 658),
(2355, 7710, 8, 14, 658),
(2356, 6263, 3, 12, 658),
(2357, 6240, 1, 12, 658),
(2358, 3937, 1, 14, 659),
(2359, 3460, 1, 3, 659),
(2360, 3171, 4, 12, 659),
(2361, 3421, 7, 3, 660),
(2362, 7099, 7, 4, 660),
(2363, 6123, 1, 3, 660),
(2364, 8403, 4, 4, 660),
(2365, 5914, 4, 4, 661),
(2366, 5829, 4, 14, 661),
(2367, 7596, 1, 14, 662),
(2368, 5618, 5, 3, 662),
(2369, 4542, 1, 12, 662),
(2370, 8439, 4, 14, 663),
(2371, 3646, 1, 12, 663),
(2372, 9532, 6, 12, 664),
(2373, 7675, 8, 12, 664),
(2374, 9887, 3, 14, 664),
(2375, 7843, 7, 4, 664),
(2376, 4581, 7, 3, 665),
(2377, 5648, 3, 4, 665),
(2378, 9581, 6, 4, 665),
(2379, 6453, 5, 4, 665),
(2380, 8953, 2, 4, 665),
(2381, 4398, 2, 12, 666),
(2382, 5113, 3, 3, 666),
(2383, 3925, 5, 12, 666),
(2384, 3327, 8, 14, 666),
(2385, 5095, 4, 4, 666),
(2386, 8011, 2, 12, 667),
(2387, 7760, 3, 4, 667),
(2388, 8339, 4, 12, 667),
(2389, 5922, 6, 4, 668),
(2390, 6397, 8, 3, 668),
(2391, 6724, 4, 4, 668),
(2392, 9711, 7, 12, 669),
(2393, 7651, 3, 4, 669),
(2394, 8756, 4, 3, 669),
(2395, 5810, 5, 12, 669),
(2396, 4631, 2, 4, 670),
(2397, 9661, 6, 12, 670),
(2398, 9188, 2, 12, 670),
(2399, 6319, 1, 3, 670),
(2400, 5149, 7, 4, 670),
(2401, 4562, 1, 14, 670),
(2402, 4066, 1, 4, 671),
(2403, 4854, 5, 4, 671),
(2404, 9467, 3, 4, 671),
(2405, 9242, 1, 12, 672),
(2406, 8936, 7, 4, 672),
(2407, 3468, 1, 4, 672),
(2408, 2683, 4, 12, 673),
(2409, 4576, 5, 14, 673),
(2410, 4874, 7, 4, 673),
(2411, 6577, 6, 14, 674),
(2412, 4823, 1, 4, 674),
(2413, 7872, 1, 14, 674),
(2414, 7447, 7, 12, 675),
(2415, 4934, 4, 4, 675),
(2416, 8947, 4, 3, 675),
(2417, 6055, 6, 3, 675),
(2418, 9821, 8, 12, 675),
(2419, 8375, 5, 12, 676),
(2420, 9879, 1, 14, 676),
(2421, 9226, 1, 12, 676),
(2422, 4221, 7, 4, 677),
(2423, 8754, 6, 3, 677),
(2424, 9611, 7, 14, 677),
(2425, 9701, 8, 4, 677),
(2426, 2631, 6, 4, 678),
(2427, 6235, 2, 4, 678),
(2428, 9773, 2, 14, 678),
(2429, 6731, 2, 12, 679),
(2430, 3566, 4, 3, 679),
(2431, 8409, 6, 14, 679),
(2432, 4672, 8, 12, 679),
(2433, 7052, 4, 12, 680),
(2434, 5712, 8, 14, 680),
(2435, 8601, 3, 14, 680),
(2436, 8592, 3, 12, 681),
(2437, 5838, 1, 12, 681),
(2438, 4710, 6, 14, 682),
(2439, 7753, 7, 14, 682),
(2440, 4415, 2, 4, 683),
(2441, 3893, 6, 12, 683),
(2442, 2741, 2, 3, 683),
(2443, 9092, 8, 4, 684),
(2444, 2539, 8, 3, 684),
(2445, 8152, 7, 4, 684),
(2446, 5766, 5, 12, 685),
(2447, 8024, 7, 12, 685),
(2448, 6900, 6, 12, 685),
(2449, 8659, 7, 12, 686),
(2450, 5059, 6, 14, 686),
(2451, 5063, 2, 4, 686),
(2452, 3946, 6, 3, 687),
(2453, 2600, 5, 4, 687),
(2454, 5267, 5, 3, 687),
(2455, 9873, 2, 14, 687),
(2456, 6195, 1, 3, 687),
(2457, 3065, 7, 4, 688),
(2458, 7341, 3, 12, 688),
(2459, 4771, 7, 3, 689),
(2460, 4676, 8, 4, 689),
(2461, 6932, 2, 3, 689),
(2462, 7861, 4, 3, 690),
(2463, 5112, 7, 3, 690),
(2464, 6017, 5, 14, 690),
(2465, 6922, 5, 3, 691),
(2466, 6520, 1, 4, 691),
(2467, 3904, 8, 4, 691),
(2468, 2641, 2, 4, 692),
(2469, 5407, 5, 14, 692),
(2470, 5372, 6, 3, 693),
(2471, 3270, 3, 12, 693),
(2472, 3888, 7, 12, 693),
(2473, 3284, 4, 3, 693),
(2474, 7190, 3, 12, 693),
(2475, 4674, 2, 3, 694),
(2476, 4102, 1, 14, 694),
(2477, 7833, 3, 3, 694),
(2478, 5187, 3, 12, 694),
(2479, 8892, 1, 12, 695),
(2480, 2710, 6, 4, 695),
(2481, 7590, 7, 3, 696),
(2482, 6125, 8, 3, 696),
(2483, 7365, 3, 4, 697),
(2484, 7302, 5, 14, 697),
(2485, 7386, 1, 4, 697),
(2486, 3108, 2, 14, 698),
(2487, 5616, 8, 3, 698),
(2488, 5146, 8, 4, 698),
(2489, 4846, 7, 12, 699),
(2490, 3045, 4, 4, 699),
(2491, 8697, 4, 14, 699),
(2492, 9812, 6, 3, 700),
(2493, 5107, 3, 3, 700),
(2494, 4727, 6, 14, 701),
(2495, 9542, 1, 3, 701),
(2496, 9797, 5, 12, 701),
(2497, 7546, 5, 14, 701),
(2498, 2730, 1, 14, 701),
(2499, 5204, 3, 4, 702),
(2500, 9669, 8, 14, 702),
(2501, 3178, 1, 4, 702),
(2502, 4191, 6, 4, 702),
(2503, 5059, 4, 3, 702),
(2504, 8039, 5, 14, 703),
(2505, 3453, 8, 12, 703),
(2506, 4717, 2, 3, 703),
(2507, 9052, 6, 12, 703),
(2508, 8976, 8, 3, 704),
(2509, 4641, 5, 4, 704),
(2510, 7747, 7, 12, 704),
(2511, 3549, 4, 3, 704),
(2512, 4482, 2, 4, 704),
(2513, 3607, 1, 3, 705),
(2514, 8671, 8, 4, 705),
(2515, 3729, 1, 3, 706),
(2516, 2599, 7, 4, 706),
(2517, 4484, 8, 14, 706),
(2518, 7343, 1, 3, 707),
(2519, 7163, 3, 12, 707),
(2520, 4039, 5, 14, 707),
(2521, 6864, 6, 14, 708),
(2522, 4245, 8, 4, 708),
(2523, 7995, 6, 4, 708),
(2524, 9554, 2, 14, 709),
(2525, 8726, 5, 12, 709),
(2526, 5736, 2, 4, 709),
(2527, 9191, 7, 4, 709),
(2528, 3899, 1, 12, 710),
(2529, 5011, 5, 14, 710),
(2530, 7729, 5, 3, 710),
(2531, 4947, 6, 12, 710),
(2532, 7384, 8, 12, 711),
(2533, 4661, 7, 14, 711),
(2534, 8200, 3, 4, 711),
(2535, 7726, 8, 14, 712),
(2536, 5568, 3, 4, 712),
(2537, 7732, 7, 14, 713),
(2538, 4402, 7, 4, 713),
(2539, 5667, 7, 12, 713),
(2540, 4551, 7, 4, 713),
(2541, 3271, 7, 4, 714),
(2542, 5249, 6, 14, 714),
(2543, 8980, 1, 3, 714),
(2544, 7335, 3, 12, 714),
(2545, 6275, 5, 14, 714),
(2546, 4908, 1, 14, 715),
(2547, 9902, 3, 12, 715),
(2548, 3839, 2, 12, 715),
(2549, 7128, 5, 12, 716),
(2550, 6244, 6, 14, 716),
(2551, 7007, 1, 4, 716),
(2552, 3947, 4, 12, 716),
(2553, 6895, 4, 12, 716),
(2554, 8059, 6, 14, 717),
(2555, 2930, 3, 3, 717),
(2556, 7107, 6, 14, 717),
(2557, 6522, 6, 4, 718),
(2558, 5467, 6, 12, 718),
(2559, 9478, 6, 3, 718),
(2560, 8589, 6, 14, 718),
(2561, 9355, 7, 12, 719),
(2562, 7119, 7, 4, 719),
(2563, 3060, 8, 14, 719),
(2564, 6326, 3, 3, 719),
(2565, 5853, 4, 4, 720),
(2566, 9237, 7, 4, 720),
(2567, 9648, 4, 12, 720),
(2568, 7855, 4, 4, 721),
(2569, 5522, 8, 12, 721),
(2570, 9935, 2, 4, 721),
(2571, 9624, 1, 3, 721),
(2572, 4777, 5, 4, 721),
(2573, 4167, 4, 3, 722),
(2574, 3720, 7, 3, 722),
(2575, 6765, 8, 14, 722),
(2576, 9036, 5, 14, 723),
(2577, 6694, 5, 14, 723),
(2578, 8958, 7, 14, 723),
(2579, 8419, 8, 3, 723),
(2580, 9059, 4, 3, 724),
(2581, 9458, 5, 4, 724),
(2582, 4665, 3, 4, 725),
(2583, 3167, 1, 14, 725),
(2584, 4960, 3, 14, 725),
(2585, 4139, 1, 14, 725),
(2586, 8271, 5, 4, 726),
(2587, 8206, 3, 12, 726),
(2588, 7571, 8, 4, 726),
(2589, 5278, 6, 14, 727),
(2590, 8749, 6, 14, 727),
(2591, 7003, 5, 3, 728),
(2592, 6279, 3, 4, 728),
(2593, 8560, 7, 3, 728),
(2594, 4470, 1, 14, 729),
(2595, 3254, 8, 4, 729),
(2596, 8213, 6, 12, 730),
(2597, 9196, 7, 4, 730),
(2598, 2628, 3, 4, 730),
(2599, 7215, 6, 14, 731),
(2600, 4527, 1, 12, 731),
(2601, 6480, 5, 12, 731),
(2602, 2718, 1, 14, 731),
(2603, 3610, 2, 12, 732),
(2604, 6099, 8, 4, 732),
(2605, 6431, 7, 3, 732),
(2606, 5123, 3, 4, 732),
(2607, 8875, 8, 4, 732),
(2608, 8805, 5, 3, 733),
(2609, 4308, 2, 14, 733),
(2610, 6401, 4, 14, 733),
(2611, 6402, 2, 14, 734),
(2612, 3185, 5, 12, 734),
(2613, 7868, 3, 14, 734),
(2614, 9567, 6, 3, 734),
(2615, 8869, 5, 14, 735),
(2616, 3248, 3, 4, 735),
(2617, 9882, 1, 3, 735),
(2618, 4942, 8, 14, 736),
(2619, 5615, 7, 12, 736),
(2620, 5945, 6, 14, 736),
(2621, 6540, 5, 4, 736),
(2622, 7934, 1, 3, 737),
(2623, 3621, 7, 14, 737),
(2624, 4176, 2, 12, 737),
(2625, 8363, 7, 4, 738),
(2626, 8796, 5, 14, 738),
(2627, 7585, 8, 14, 739),
(2628, 7380, 4, 14, 739),
(2629, 7359, 3, 14, 739),
(2630, 7925, 5, 4, 739),
(2631, 8100, 5, 3, 739),
(2632, 4425, 8, 14, 739),
(2633, 4797, 7, 12, 740),
(2634, 4380, 8, 14, 740),
(2635, 8835, 1, 4, 740),
(2636, 5595, 7, 3, 741),
(2637, 3379, 8, 12, 741),
(2638, 3681, 1, 4, 742),
(2639, 7172, 3, 12, 742),
(2640, 9652, 3, 14, 742),
(2641, 3599, 7, 14, 742),
(2642, 4350, 1, 4, 743),
(2643, 7486, 1, 3, 743),
(2644, 9697, 4, 4, 743),
(2645, 9070, 7, 12, 744),
(2646, 7143, 7, 3, 744),
(2647, 6821, 7, 12, 744),
(2648, 3039, 7, 4, 744),
(2649, 8690, 6, 4, 744),
(2650, 4903, 4, 4, 745),
(2651, 6100, 5, 12, 745),
(2652, 6873, 6, 12, 745),
(2653, 6546, 6, 3, 746),
(2654, 9685, 7, 12, 746),
(2655, 6504, 6, 12, 746),
(2656, 4354, 6, 12, 747),
(2657, 9201, 8, 12, 747),
(2658, 4603, 2, 4, 747),
(2659, 8741, 7, 3, 747),
(2660, 3834, 4, 14, 747),
(2661, 9975, 3, 4, 748),
(2662, 4748, 2, 12, 748),
(2663, 5314, 3, 3, 748),
(2664, 9630, 1, 14, 748),
(2665, 5177, 1, 4, 749),
(2666, 8317, 8, 14, 749),
(2667, 6460, 6, 4, 749),
(2668, 5576, 6, 14, 749),
(2669, 6435, 4, 12, 749),
(2670, 5009, 4, 4, 750),
(2671, 8536, 2, 4, 750),
(2672, 3418, 7, 4, 750),
(2673, 7978, 5, 4, 751),
(2674, 6833, 3, 14, 751),
(2675, 6132, 5, 4, 751),
(2676, 6925, 6, 14, 752),
(2677, 3823, 7, 4, 752),
(2678, 8384, 3, 12, 752),
(2679, 6354, 6, 3, 753),
(2680, 9916, 6, 14, 753),
(2681, 3347, 7, 12, 753),
(2682, 6006, 3, 12, 753),
(2683, 3652, 7, 14, 753),
(2684, 4338, 8, 12, 754),
(2685, 5193, 3, 4, 754),
(2686, 8072, 7, 12, 755),
(2687, 3399, 5, 12, 755),
(2688, 4545, 7, 4, 755),
(2689, 8849, 6, 4, 755),
(2690, 5964, 6, 3, 756),
(2691, 6841, 8, 14, 756),
(2692, 6529, 5, 3, 757),
(2693, 3804, 7, 4, 757),
(2694, 4113, 4, 14, 758),
(2695, 8368, 2, 3, 758),
(2696, 3579, 6, 12, 758),
(2697, 6200, 8, 3, 758),
(2698, 8560, 2, 12, 759),
(2699, 4463, 4, 3, 759),
(2700, 6979, 7, 3, 759),
(2701, 2971, 3, 3, 760),
(2702, 3389, 1, 14, 760),
(2703, 7040, 4, 3, 760),
(2704, 4484, 2, 3, 761),
(2705, 6843, 2, 4, 761),
(2706, 7583, 1, 3, 762),
(2707, 6816, 6, 14, 762),
(2708, 8064, 2, 3, 763),
(2709, 8113, 1, 14, 763),
(2710, 2976, 5, 14, 763),
(2711, 7272, 2, 12, 764),
(2712, 8673, 6, 3, 764),
(2713, 7104, 1, 3, 764),
(2714, 9819, 6, 14, 764),
(2715, 2964, 2, 3, 765),
(2716, 3633, 5, 14, 765),
(2717, 3853, 4, 14, 765),
(2718, 9908, 4, 14, 766),
(2719, 3758, 4, 3, 766),
(2720, 8432, 4, 4, 766),
(2721, 8153, 6, 4, 767),
(2722, 5337, 8, 12, 767),
(2723, 2678, 3, 4, 767),
(2724, 5660, 3, 14, 767),
(2725, 5198, 7, 14, 767),
(2726, 9659, 1, 3, 768),
(2727, 5643, 8, 14, 768),
(2728, 7868, 5, 3, 768),
(2729, 7096, 4, 12, 768),
(2730, 8804, 1, 14, 768),
(2731, 9463, 6, 3, 769),
(2732, 4524, 5, 14, 769),
(2733, 3291, 7, 3, 769),
(2734, 3703, 7, 3, 769),
(2735, 5679, 4, 14, 770),
(2736, 4704, 7, 14, 770),
(2737, 4114, 1, 12, 770),
(2738, 9320, 5, 4, 770),
(2739, 8362, 7, 14, 770),
(2740, 6729, 1, 12, 771),
(2741, 3193, 3, 4, 771),
(2742, 9725, 2, 14, 771),
(2743, 6663, 4, 3, 771),
(2744, 7418, 8, 4, 772),
(2745, 8877, 3, 12, 772),
(2746, 6991, 6, 4, 772),
(2747, 5759, 7, 3, 773),
(2748, 3831, 2, 12, 773),
(2749, 7806, 7, 3, 774),
(2750, 5801, 8, 3, 774),
(2751, 3123, 5, 14, 774),
(2752, 3013, 4, 14, 775),
(2753, 5708, 3, 14, 775),
(2754, 3121, 3, 3, 775),
(2755, 4500, 4, 3, 776),
(2756, 3215, 6, 14, 776),
(2757, 5694, 7, 3, 776),
(2758, 9600, 4, 14, 777),
(2759, 9320, 8, 12, 777),
(2760, 3226, 8, 14, 777),
(2761, 9166, 3, 4, 777),
(2762, 7635, 1, 3, 777),
(2763, 4903, 2, 4, 778),
(2764, 8206, 7, 4, 778),
(2765, 3333, 8, 14, 778),
(2766, 3265, 4, 4, 778),
(2767, 9285, 8, 4, 778),
(2768, 7450, 5, 3, 779),
(2769, 3228, 2, 4, 779),
(2770, 6663, 1, 3, 779),
(2771, 5835, 2, 3, 780),
(2772, 8829, 5, 14, 780),
(2773, 4929, 8, 3, 781),
(2774, 8814, 1, 3, 781),
(2775, 6649, 8, 14, 781),
(2776, 3373, 5, 12, 781),
(2777, 4318, 1, 14, 781),
(2778, 2661, 4, 3, 782),
(2779, 3595, 1, 12, 782),
(2780, 6687, 1, 4, 782),
(2781, 7210, 2, 14, 782),
(2782, 6414, 3, 3, 782),
(2783, 3780, 6, 4, 783),
(2784, 4931, 8, 3, 783),
(2785, 6520, 8, 12, 783),
(2786, 5275, 5, 3, 783),
(2787, 5778, 3, 3, 783),
(2788, 8788, 5, 12, 784),
(2789, 9666, 1, 14, 784),
(2790, 7594, 6, 4, 784),
(2791, 6388, 8, 12, 784),
(2792, 7573, 8, 12, 784),
(2793, 7199, 8, 3, 785),
(2794, 5057, 6, 3, 785),
(2795, 5692, 5, 12, 786),
(2796, 3699, 2, 14, 786),
(2797, 4668, 4, 3, 786),
(2798, 3770, 5, 12, 786),
(2799, 9917, 1, 3, 787),
(2800, 3361, 7, 3, 787),
(2801, 7868, 6, 4, 787),
(2802, 6975, 8, 12, 787),
(2803, 5846, 5, 3, 787),
(2804, 3181, 7, 4, 788),
(2805, 7441, 4, 3, 788),
(2806, 4756, 5, 12, 788),
(2807, 6083, 2, 4, 788),
(2808, 6162, 6, 14, 789),
(2809, 4551, 7, 4, 789),
(2810, 6202, 5, 3, 790),
(2811, 2593, 3, 14, 790),
(2812, 7244, 1, 14, 790),
(2813, 3066, 1, 3, 790),
(2814, 7231, 8, 12, 791),
(2815, 5863, 4, 12, 791),
(2816, 2954, 8, 14, 791),
(2817, 4052, 8, 12, 791),
(2818, 8806, 6, 12, 792),
(2819, 7004, 7, 3, 792),
(2820, 4807, 8, 4, 793),
(2821, 5357, 3, 14, 793),
(2822, 5992, 6, 4, 793),
(2823, 4115, 8, 12, 794),
(2824, 3322, 2, 4, 794),
(2825, 7955, 1, 3, 795),
(2826, 9948, 4, 3, 795),
(2827, 7822, 2, 12, 796),
(2828, 4905, 5, 3, 796),
(2829, 5443, 1, 3, 797),
(2830, 8276, 8, 3, 797),
(2831, 2914, 1, 4, 797),
(2832, 5475, 6, 14, 797),
(2833, 5665, 6, 12, 797),
(2834, 6345, 3, 14, 798),
(2835, 2949, 3, 14, 798),
(2836, 4013, 2, 14, 798),
(2837, 9887, 4, 12, 798),
(2838, 5401, 3, 12, 798),
(2839, 2961, 3, 14, 799),
(2840, 3662, 1, 14, 799),
(2841, 5871, 8, 4, 799),
(2842, 6777, 6, 14, 799),
(2843, 3469, 2, 12, 800),
(2844, 4961, 3, 4, 800),
(2845, 3751, 7, 12, 801),
(2846, 2923, 6, 12, 801),
(2847, 8544, 1, 4, 801),
(2848, 9549, 2, 4, 802),
(2849, 4472, 5, 3, 802),
(2850, 6362, 4, 4, 802),
(2851, 6867, 7, 3, 803),
(2852, 9525, 6, 14, 803),
(2853, 8445, 7, 4, 803),
(2854, 5717, 7, 12, 803),
(2855, 7653, 8, 14, 804),
(2856, 5140, 2, 14, 804),
(2857, 9097, 8, 14, 804),
(2858, 4090, 8, 12, 805),
(2859, 3233, 4, 3, 805),
(2860, 2740, 5, 3, 805),
(2861, 6614, 5, 14, 805),
(2862, 6168, 7, 4, 806),
(2863, 8560, 7, 4, 806),
(2864, 7175, 5, 4, 806),
(2865, 6741, 8, 12, 807),
(2866, 3731, 7, 4, 807),
(2867, 4878, 1, 14, 808),
(2868, 7677, 1, 4, 808),
(2869, 4608, 7, 12, 808),
(2870, 8053, 6, 3, 808),
(2871, 6945, 2, 14, 809),
(2872, 9077, 5, 14, 809),
(2873, 9011, 5, 12, 809),
(2874, 8475, 5, 3, 809),
(2875, 6495, 3, 4, 810),
(2876, 8939, 3, 12, 810),
(2877, 4182, 8, 3, 810),
(2878, 3537, 7, 3, 810),
(2879, 3110, 3, 4, 811),
(2880, 5233, 5, 12, 811),
(2881, 9052, 4, 3, 812),
(2882, 7886, 8, 14, 812),
(2883, 7281, 8, 4, 812),
(2884, 6067, 6, 14, 813),
(2885, 5522, 8, 12, 813),
(2886, 5485, 6, 4, 813),
(2887, 5816, 3, 3, 814),
(2888, 4125, 3, 12, 814),
(2889, 7494, 8, 4, 814),
(2890, 8553, 6, 14, 814),
(2891, 6998, 2, 14, 814),
(2892, 4166, 2, 12, 815),
(2893, 9659, 7, 14, 815),
(2894, 2872, 5, 14, 815),
(2895, 6294, 5, 3, 815),
(2896, 5029, 8, 12, 816),
(2897, 3325, 8, 14, 816),
(2898, 7904, 1, 4, 816),
(2899, 8793, 6, 3, 817),
(2900, 4720, 8, 14, 817),
(2901, 8141, 5, 3, 817),
(2902, 7676, 8, 3, 817),
(2903, 2959, 7, 3, 817),
(2904, 4346, 8, 4, 818),
(2905, 4195, 8, 3, 818),
(2906, 3716, 3, 12, 819),
(2907, 2905, 5, 3, 819),
(2908, 3348, 5, 4, 820),
(2909, 9344, 1, 14, 820),
(2910, 5237, 7, 12, 820),
(2911, 6471, 1, 14, 821),
(2912, 8053, 6, 3, 821),
(2913, 2927, 6, 4, 821),
(2914, 7483, 7, 4, 821),
(2915, 9027, 4, 3, 822),
(2916, 3762, 1, 3, 822),
(2917, 4574, 6, 3, 823),
(2918, 6885, 8, 4, 823),
(2919, 6099, 7, 14, 823),
(2920, 6325, 6, 3, 823),
(2921, 5672, 3, 3, 823),
(2922, 9988, 4, 4, 823),
(2923, 7256, 5, 14, 824),
(2924, 7375, 7, 14, 824),
(2925, 7706, 5, 14, 824),
(2926, 9372, 8, 14, 825),
(2927, 8446, 3, 12, 825),
(2928, 3045, 8, 3, 825),
(2929, 3564, 4, 14, 825),
(2930, 4728, 6, 12, 825),
(2931, 5512, 7, 4, 825),
(2932, 4195, 4, 14, 826),
(2933, 9009, 1, 14, 826),
(2934, 8249, 2, 12, 827),
(2935, 3563, 2, 3, 827),
(2936, 8186, 7, 4, 827),
(2937, 8490, 2, 12, 828),
(2938, 8445, 4, 3, 828),
(2939, 3730, 7, 3, 828),
(2940, 4144, 2, 12, 828),
(2941, 7895, 1, 12, 829),
(2942, 9319, 8, 4, 829),
(2943, 8057, 4, 4, 829),
(2944, 4467, 2, 3, 830),
(2945, 2613, 1, 3, 830),
(2946, 5995, 1, 14, 830),
(2947, 5852, 1, 4, 830),
(2948, 9958, 8, 12, 830),
(2949, 7028, 6, 14, 831),
(2950, 3276, 6, 12, 831),
(2951, 3434, 5, 12, 832),
(2952, 4399, 6, 3, 832),
(2953, 6014, 5, 4, 833),
(2954, 4536, 5, 14, 833),
(2955, 2740, 2, 12, 834),
(2956, 3694, 5, 14, 834),
(2957, 5958, 4, 12, 835),
(2958, 2790, 4, 12, 835),
(2959, 7921, 7, 12, 836),
(2960, 4948, 4, 14, 836),
(2961, 2656, 4, 12, 836),
(2962, 4816, 6, 3, 836),
(2963, 4556, 7, 14, 836),
(2964, 6208, 5, 14, 837),
(2965, 8841, 4, 12, 837),
(2966, 7725, 3, 3, 837),
(2967, 3573, 2, 12, 838),
(2968, 6811, 4, 14, 838),
(2969, 8715, 1, 14, 838),
(2970, 4663, 1, 12, 839),
(2971, 2677, 3, 12, 839),
(2972, 2907, 8, 12, 840),
(2973, 3700, 5, 4, 840),
(2974, 9471, 4, 3, 840),
(2975, 9467, 8, 3, 840),
(2976, 5656, 7, 12, 840),
(2977, 3930, 3, 4, 841),
(2978, 4232, 4, 3, 841),
(2979, 4236, 1, 12, 841),
(2980, 6998, 4, 12, 842),
(2981, 9076, 3, 14, 842),
(2982, 7617, 7, 4, 843),
(2983, 8547, 6, 12, 843),
(2984, 8551, 4, 3, 843),
(2985, 2865, 3, 14, 844),
(2986, 9057, 5, 3, 844),
(2987, 3100, 4, 3, 844),
(2988, 9058, 2, 12, 844),
(2989, 7677, 6, 4, 845),
(2990, 3290, 4, 12, 845),
(2991, 3188, 7, 12, 845),
(2992, 8137, 2, 12, 846),
(2993, 6269, 6, 4, 846),
(2994, 7681, 5, 4, 846),
(2995, 9791, 1, 12, 846),
(2996, 3340, 4, 4, 847),
(2997, 8479, 2, 4, 847),
(2998, 9702, 4, 14, 847),
(2999, 5716, 5, 4, 848),
(3000, 8493, 1, 12, 848),
(3001, 5341, 1, 14, 849),
(3002, 6416, 1, 12, 849),
(3003, 6689, 5, 14, 850),
(3004, 8423, 6, 12, 850),
(3005, 6539, 6, 3, 850),
(3006, 4761, 8, 3, 850),
(3007, 9631, 8, 14, 851),
(3008, 6686, 7, 4, 851),
(3009, 7475, 5, 14, 851),
(3010, 5173, 8, 14, 852),
(3011, 5613, 6, 3, 852),
(3012, 5452, 2, 4, 853),
(3013, 2878, 2, 12, 853),
(3014, 9759, 6, 14, 853),
(3015, 4397, 3, 3, 854),
(3016, 8219, 3, 14, 854),
(3017, 7897, 2, 12, 855),
(3018, 4463, 1, 14, 855),
(3019, 6012, 7, 12, 855),
(3020, 8810, 7, 3, 855),
(3021, 8861, 1, 14, 855),
(3022, 8849, 1, 3, 856),
(3023, 6696, 1, 4, 856),
(3024, 4130, 3, 4, 856),
(3025, 9945, 4, 4, 856),
(3026, 3714, 8, 4, 856),
(3027, 9546, 1, 3, 857),
(3028, 5324, 6, 14, 857),
(3029, 3614, 8, 12, 857),
(3030, 8682, 6, 12, 858),
(3031, 8633, 3, 14, 858),
(3032, 8121, 7, 4, 858),
(3033, 8832, 2, 3, 859),
(3034, 4472, 1, 4, 859),
(3035, 9693, 8, 14, 859),
(3036, 5052, 1, 12, 860),
(3037, 5656, 6, 3, 860),
(3038, 6538, 2, 3, 860),
(3039, 9162, 6, 14, 860),
(3040, 8457, 1, 14, 861),
(3041, 8257, 3, 3, 861),
(3042, 3631, 2, 4, 861),
(3043, 4089, 8, 12, 862),
(3044, 9988, 3, 3, 862),
(3045, 5139, 8, 4, 862),
(3046, 4286, 4, 12, 863),
(3047, 6429, 8, 3, 863),
(3048, 6505, 2, 3, 863),
(3049, 9926, 6, 4, 864),
(3050, 8863, 8, 4, 864),
(3051, 8649, 6, 3, 865),
(3052, 9452, 8, 14, 865),
(3053, 6932, 3, 4, 866),
(3054, 9014, 8, 12, 866),
(3055, 3488, 5, 4, 866),
(3056, 9533, 4, 12, 866),
(3057, 6310, 6, 14, 866),
(3058, 6848, 8, 12, 866),
(3059, 7777, 1, 3, 867),
(3060, 9038, 7, 3, 867),
(3061, 5603, 6, 12, 867),
(3062, 8354, 1, 14, 867),
(3063, 3786, 7, 4, 867),
(3064, 2600, 2, 14, 868),
(3065, 7362, 5, 12, 868),
(3066, 4757, 4, 14, 868),
(3067, 5871, 7, 12, 869),
(3068, 6760, 6, 3, 869),
(3069, 5798, 3, 12, 869),
(3070, 9505, 8, 14, 870),
(3071, 5021, 3, 12, 870),
(3072, 7561, 5, 14, 870),
(3073, 6355, 8, 4, 870),
(3074, 5380, 3, 4, 870),
(3075, 8519, 8, 12, 870),
(3076, 2875, 5, 3, 871),
(3077, 3409, 6, 12, 871),
(3078, 9733, 3, 4, 871),
(3079, 7815, 2, 14, 872),
(3080, 6779, 4, 3, 872),
(3081, 7363, 5, 14, 872),
(3082, 8586, 5, 3, 872),
(3083, 7483, 5, 3, 872),
(3084, 8385, 8, 14, 873),
(3085, 4444, 5, 14, 873),
(3086, 8472, 5, 12, 873),
(3087, 7946, 5, 3, 874),
(3088, 8134, 8, 3, 874),
(3089, 8973, 5, 4, 874),
(3090, 3150, 5, 4, 874),
(3091, 9451, 8, 4, 875),
(3092, 6755, 3, 12, 875),
(3093, 3780, 6, 4, 875),
(3094, 7605, 8, 12, 875),
(3095, 4197, 6, 12, 875),
(3096, 9278, 8, 3, 875),
(3097, 3927, 4, 14, 876),
(3098, 9349, 4, 14, 876),
(3099, 3761, 5, 3, 877),
(3100, 9819, 7, 14, 877),
(3101, 4236, 4, 12, 877),
(3102, 6648, 5, 14, 877),
(3103, 8770, 3, 3, 877),
(3104, 6544, 7, 3, 878),
(3105, 5886, 7, 3, 878),
(3106, 7402, 5, 3, 879),
(3107, 7553, 2, 14, 879),
(3108, 5045, 7, 3, 879),
(3109, 6258, 1, 3, 880),
(3110, 8699, 1, 3, 880),
(3111, 4712, 6, 3, 880),
(3112, 4495, 2, 14, 880),
(3113, 8563, 4, 4, 881),
(3114, 9500, 8, 12, 881),
(3115, 5503, 3, 12, 881),
(3116, 9033, 4, 14, 882),
(3117, 9406, 1, 3, 882),
(3118, 2850, 1, 4, 882),
(3119, 8252, 5, 14, 882),
(3120, 3116, 5, 3, 882),
(3121, 6120, 8, 14, 883),
(3122, 3422, 4, 4, 883),
(3123, 5770, 5, 4, 883),
(3124, 4099, 4, 4, 883),
(3125, 5866, 3, 4, 883),
(3126, 4092, 8, 14, 884),
(3127, 7283, 8, 4, 884),
(3128, 3745, 1, 14, 884),
(3129, 7921, 4, 14, 885),
(3130, 5931, 1, 4, 885),
(3131, 5834, 8, 12, 885),
(3132, 3490, 6, 12, 885),
(3133, 6162, 8, 14, 886),
(3134, 5463, 8, 12, 886),
(3135, 9213, 8, 4, 887),
(3136, 7367, 7, 12, 887),
(3137, 6469, 3, 3, 887),
(3138, 5862, 8, 4, 887),
(3139, 8612, 3, 4, 888),
(3140, 6306, 5, 12, 888),
(3141, 9276, 2, 4, 889),
(3142, 4823, 2, 14, 889),
(3143, 6990, 1, 3, 889),
(3144, 9428, 1, 14, 890),
(3145, 9028, 8, 3, 890),
(3146, 2585, 3, 12, 890),
(3147, 3238, 6, 3, 891),
(3148, 4566, 2, 12, 891),
(3149, 8896, 5, 12, 891),
(3150, 4362, 8, 3, 892),
(3151, 5982, 4, 14, 892),
(3152, 3211, 5, 4, 892),
(3153, 5489, 7, 3, 892),
(3154, 8157, 6, 3, 892),
(3155, 3641, 4, 14, 893),
(3156, 5590, 3, 12, 893),
(3157, 3551, 5, 3, 893),
(3158, 4156, 8, 4, 894),
(3159, 5167, 2, 14, 894),
(3160, 8638, 1, 12, 894),
(3161, 3409, 5, 14, 895),
(3162, 8535, 1, 12, 895),
(3163, 4745, 4, 14, 895),
(3164, 6605, 1, 14, 895),
(3165, 9514, 3, 12, 896),
(3166, 3627, 2, 4, 896),
(3167, 7801, 1, 14, 896),
(3168, 6302, 3, 4, 897),
(3169, 9629, 8, 12, 897),
(3170, 8197, 8, 12, 898),
(3171, 4247, 3, 14, 898),
(3172, 3663, 3, 12, 898),
(3173, 4426, 2, 14, 898),
(3174, 3898, 6, 4, 899),
(3175, 7847, 4, 12, 899),
(3176, 2929, 5, 12, 899),
(3177, 2673, 6, 14, 899),
(3178, 6697, 1, 4, 900),
(3179, 4370, 8, 3, 900),
(3180, 8197, 7, 12, 900),
(3181, 7341, 8, 4, 901),
(3182, 8281, 6, 3, 901),
(3183, 4294, 5, 3, 901),
(3184, 9763, 3, 14, 902),
(3185, 2998, 1, 3, 902),
(3186, 7354, 3, 4, 902),
(3187, 4121, 8, 4, 902),
(3188, 6480, 6, 3, 902),
(3189, 9601, 3, 14, 903),
(3190, 8849, 4, 12, 903),
(3191, 7539, 2, 4, 904),
(3192, 6194, 1, 4, 904),
(3193, 3081, 1, 12, 904),
(3194, 4394, 4, 12, 905),
(3195, 3862, 4, 12, 905),
(3196, 9448, 8, 14, 905),
(3197, 3358, 4, 3, 906),
(3198, 9917, 2, 4, 906),
(3199, 5295, 3, 3, 906),
(3200, 7049, 7, 4, 906),
(3201, 9235, 8, 4, 906),
(3202, 4044, 4, 3, 906),
(3203, 7615, 4, 14, 907),
(3204, 3170, 1, 4, 907),
(3205, 4346, 2, 3, 907),
(3206, 3601, 7, 4, 908),
(3207, 6976, 4, 12, 908),
(3208, 6178, 7, 14, 908),
(3209, 3247, 1, 12, 908),
(3210, 4985, 6, 12, 909),
(3211, 3784, 6, 14, 909),
(3212, 6437, 3, 4, 909),
(3213, 8103, 6, 12, 910),
(3214, 8623, 6, 3, 910),
(3215, 6038, 6, 12, 910),
(3216, 7461, 1, 3, 911),
(3217, 4045, 4, 3, 911),
(3218, 7971, 6, 3, 911),
(3219, 6743, 3, 3, 911),
(3220, 3307, 4, 4, 912),
(3221, 7885, 7, 14, 912),
(3222, 5411, 5, 14, 912),
(3223, 8573, 1, 3, 912),
(3224, 7673, 1, 3, 912),
(3225, 9337, 6, 3, 913),
(3226, 6152, 5, 12, 913),
(3227, 9322, 4, 12, 913),
(3228, 6352, 6, 12, 913),
(3229, 3359, 7, 4, 914),
(3230, 8413, 5, 12, 914),
(3231, 3430, 6, 14, 914),
(3232, 3658, 1, 4, 914),
(3233, 8873, 1, 14, 914),
(3234, 3954, 4, 3, 915),
(3235, 4941, 2, 12, 915),
(3236, 7673, 2, 4, 916),
(3237, 7214, 7, 12, 916),
(3238, 4071, 4, 14, 917),
(3239, 5884, 1, 14, 917),
(3240, 3766, 2, 4, 917),
(3241, 6950, 6, 14, 917),
(3242, 5146, 2, 14, 917),
(3243, 8487, 6, 3, 918),
(3244, 4899, 4, 12, 918),
(3245, 3474, 2, 14, 918),
(3246, 5881, 8, 12, 918),
(3247, 4544, 7, 3, 918),
(3248, 9287, 8, 12, 919),
(3249, 4041, 8, 14, 919),
(3250, 9710, 1, 12, 919),
(3251, 8110, 2, 3, 920),
(3252, 7641, 8, 3, 920),
(3253, 4938, 8, 4, 920),
(3254, 3029, 7, 3, 921),
(3255, 9941, 5, 12, 921),
(3256, 8522, 4, 12, 921),
(3257, 9727, 2, 12, 921),
(3258, 7026, 1, 3, 921),
(3259, 9928, 2, 3, 922),
(3260, 8842, 7, 4, 922),
(3261, 8290, 4, 3, 922),
(3262, 8259, 1, 12, 922),
(3263, 3474, 7, 14, 923),
(3264, 6832, 2, 3, 923),
(3265, 7426, 7, 4, 924),
(3266, 8342, 8, 3, 924),
(3267, 4588, 2, 4, 925),
(3268, 8121, 8, 3, 925),
(3269, 8264, 4, 14, 925),
(3270, 3767, 8, 3, 925),
(3271, 3905, 8, 3, 925),
(3272, 5975, 8, 12, 926),
(3273, 9592, 5, 4, 926),
(3274, 9065, 8, 4, 927),
(3275, 3442, 7, 4, 927),
(3276, 2669, 5, 12, 928),
(3277, 2879, 5, 4, 928),
(3278, 9397, 3, 3, 928),
(3279, 4090, 5, 4, 929),
(3280, 8211, 3, 12, 929),
(3281, 5465, 7, 3, 929),
(3282, 8539, 2, 3, 929),
(3283, 6936, 2, 12, 929),
(3284, 6194, 8, 14, 930),
(3285, 9477, 7, 12, 930),
(3286, 3745, 3, 3, 930),
(3287, 2960, 2, 4, 931),
(3288, 8350, 3, 12, 931),
(3289, 4690, 2, 4, 932),
(3290, 5639, 3, 3, 932),
(3291, 8302, 3, 12, 932),
(3292, 8583, 7, 3, 932),
(3293, 2866, 3, 3, 932),
(3294, 7420, 1, 4, 932),
(3295, 6963, 3, 3, 933),
(3296, 9017, 4, 14, 933),
(3297, 2852, 8, 3, 933),
(3298, 4900, 2, 14, 933),
(3299, 7524, 3, 14, 933),
(3300, 2742, 5, 4, 934),
(3301, 3221, 6, 4, 934),
(3302, 7370, 2, 3, 934),
(3303, 2810, 1, 14, 934),
(3304, 4897, 6, 12, 935),
(3305, 7467, 7, 12, 935),
(3306, 8339, 6, 3, 936),
(3307, 2685, 5, 12, 936),
(3308, 3069, 1, 3, 936),
(3309, 4788, 7, 3, 936),
(3310, 4420, 7, 12, 936),
(3311, 5634, 2, 12, 937),
(3312, 3715, 8, 12, 937),
(3313, 4629, 1, 3, 937),
(3314, 4437, 7, 3, 938),
(3315, 8299, 2, 14, 938),
(3316, 9916, 3, 12, 938),
(3317, 7405, 8, 14, 938),
(3318, 8465, 4, 12, 939),
(3319, 9310, 8, 12, 939),
(3320, 3498, 5, 4, 939),
(3321, 8266, 4, 3, 940),
(3322, 9428, 1, 12, 940),
(3323, 8934, 8, 3, 940),
(3324, 8060, 4, 3, 940),
(3325, 3456, 3, 12, 940),
(3326, 4000, 5, 14, 941),
(3327, 3395, 3, 3, 941),
(3328, 2713, 6, 14, 941),
(3329, 7969, 6, 14, 941),
(3330, 9172, 2, 3, 942),
(3331, 3508, 3, 4, 942),
(3332, 7791, 5, 3, 942),
(3333, 2566, 3, 12, 942),
(3334, 3088, 5, 12, 942),
(3335, 4492, 1, 3, 943),
(3336, 6109, 2, 12, 943),
(3337, 7717, 6, 3, 943),
(3338, 2547, 8, 12, 944),
(3339, 2882, 6, 4, 944),
(3340, 8791, 6, 4, 944),
(3341, 9036, 5, 12, 945),
(3342, 7450, 7, 4, 945),
(3343, 7598, 5, 14, 945),
(3344, 4024, 2, 12, 945),
(3345, 9480, 4, 4, 945),
(3346, 7911, 1, 12, 946),
(3347, 4717, 7, 3, 946),
(3348, 7034, 6, 14, 946),
(3349, 9013, 1, 14, 946),
(3350, 6151, 4, 12, 946),
(3351, 8318, 5, 4, 947),
(3352, 3953, 3, 3, 947),
(3353, 4206, 6, 4, 947),
(3354, 5414, 3, 12, 948),
(3355, 6433, 7, 4, 948),
(3356, 7753, 2, 12, 948),
(3357, 8075, 8, 12, 949),
(3358, 5990, 1, 14, 949),
(3359, 2684, 4, 3, 949),
(3360, 4575, 2, 14, 950),
(3361, 4915, 1, 14, 950),
(3362, 7840, 4, 14, 950),
(3363, 5512, 5, 14, 950),
(3364, 7970, 5, 14, 951),
(3365, 5444, 3, 4, 951),
(3366, 5720, 5, 3, 951),
(3367, 5293, 5, 3, 952),
(3368, 8980, 8, 12, 952),
(3369, 4520, 3, 3, 952),
(3370, 4636, 8, 14, 953),
(3371, 6781, 3, 4, 953),
(3372, 7738, 3, 12, 953),
(3373, 4795, 1, 14, 954),
(3374, 9471, 8, 3, 954),
(3375, 7673, 5, 3, 955),
(3376, 8276, 5, 14, 955),
(3377, 9470, 8, 4, 955),
(3378, 9860, 4, 3, 955),
(3379, 8261, 2, 4, 956),
(3380, 4601, 1, 14, 956),
(3381, 5530, 6, 4, 956),
(3382, 3518, 3, 4, 956),
(3383, 8756, 5, 4, 957),
(3384, 7087, 1, 3, 957),
(3385, 6104, 2, 14, 957),
(3386, 9785, 2, 12, 957),
(3387, 7941, 7, 3, 958),
(3388, 4556, 3, 12, 958),
(3389, 6925, 8, 14, 958),
(3390, 8191, 7, 3, 958),
(3391, 9476, 3, 3, 958),
(3392, 5679, 2, 12, 959),
(3393, 6201, 8, 14, 959),
(3394, 3021, 4, 3, 959),
(3395, 7136, 4, 4, 960),
(3396, 4978, 5, 3, 960),
(3397, 4581, 3, 12, 960),
(3398, 6864, 6, 3, 960),
(3399, 3216, 2, 4, 960),
(3400, 8044, 4, 12, 961),
(3401, 2921, 7, 12, 961),
(3402, 7406, 6, 12, 961),
(3403, 8747, 7, 14, 962),
(3404, 6014, 4, 12, 962),
(3405, 5693, 3, 3, 962),
(3406, 5874, 8, 3, 962),
(3407, 4503, 7, 14, 963),
(3408, 5487, 5, 12, 963),
(3409, 4123, 6, 4, 963),
(3410, 8825, 5, 4, 963),
(3411, 5407, 1, 12, 964),
(3412, 6050, 6, 12, 964),
(3413, 8546, 6, 14, 964),
(3414, 5483, 2, 14, 964),
(3415, 7489, 6, 12, 965),
(3416, 7297, 3, 3, 965),
(3417, 9442, 2, 14, 965),
(3418, 7574, 7, 3, 965),
(3419, 6152, 5, 12, 966),
(3420, 5947, 7, 12, 966),
(3421, 4839, 8, 3, 966),
(3422, 8081, 8, 3, 966),
(3423, 4024, 5, 4, 967),
(3424, 5771, 2, 12, 967),
(3425, 3037, 4, 14, 967),
(3426, 3485, 1, 3, 967),
(3427, 5656, 5, 14, 968),
(3428, 8590, 5, 3, 968),
(3429, 6874, 5, 3, 968),
(3430, 5022, 8, 3, 968),
(3431, 4276, 8, 4, 968),
(3432, 2858, 7, 12, 969),
(3433, 2811, 7, 12, 969),
(3434, 6771, 4, 12, 969),
(3435, 9457, 3, 3, 969),
(3436, 7669, 5, 3, 970),
(3437, 8168, 3, 14, 970),
(3438, 9314, 8, 3, 970),
(3439, 6892, 5, 14, 970),
(3440, 3732, 7, 3, 971),
(3441, 4653, 1, 14, 971),
(3442, 3714, 8, 4, 971),
(3443, 4413, 6, 4, 972),
(3444, 4809, 8, 14, 972),
(3445, 8249, 1, 14, 972),
(3446, 8163, 8, 4, 972),
(3447, 5833, 1, 3, 973),
(3448, 8701, 3, 14, 973),
(3449, 4741, 7, 3, 973),
(3450, 9057, 8, 4, 973),
(3451, 8779, 2, 14, 974),
(3452, 2579, 7, 12, 974),
(3453, 8294, 2, 3, 974),
(3454, 3703, 1, 12, 974),
(3455, 2570, 2, 14, 975),
(3456, 5876, 5, 3, 975),
(3457, 3281, 3, 4, 975),
(3458, 4979, 8, 14, 975),
(3459, 5385, 3, 12, 976),
(3460, 3752, 4, 12, 976),
(3461, 8864, 6, 3, 976),
(3462, 2859, 7, 14, 977),
(3463, 7327, 6, 3, 977),
(3464, 3938, 4, 4, 977),
(3465, 9021, 7, 3, 978),
(3466, 7383, 3, 3, 978),
(3467, 5645, 8, 3, 978),
(3468, 5131, 1, 14, 978),
(3469, 8088, 6, 14, 979),
(3470, 3440, 1, 3, 979),
(3471, 3330, 3, 4, 979),
(3472, 6247, 2, 4, 980),
(3473, 7125, 2, 3, 980),
(3474, 9900, 2, 12, 980),
(3475, 5071, 3, 4, 980),
(3476, 4296, 7, 4, 980),
(3477, 4541, 4, 3, 981),
(3478, 5148, 3, 12, 981),
(3479, 9434, 7, 4, 981),
(3480, 4813, 2, 14, 981),
(3481, 7456, 8, 14, 981),
(3482, 8661, 7, 12, 982),
(3483, 3306, 2, 12, 982),
(3484, 3809, 8, 14, 982),
(3485, 5161, 1, 12, 982),
(3486, 6105, 7, 4, 983),
(3487, 4546, 8, 3, 983),
(3488, 4055, 5, 4, 983),
(3489, 9355, 3, 12, 983),
(3490, 7002, 5, 4, 983),
(3491, 3962, 3, 3, 984),
(3492, 8105, 6, 3, 984),
(3493, 3960, 7, 12, 984),
(3494, 4407, 1, 4, 984),
(3495, 3439, 4, 14, 985),
(3496, 2823, 8, 3, 985),
(3497, 7855, 7, 3, 985),
(3498, 8497, 2, 12, 985),
(3499, 6131, 2, 12, 986),
(3500, 9892, 1, 12, 986),
(3501, 6206, 3, 3, 986),
(3502, 4874, 5, 14, 986),
(3503, 3500, 7, 12, 987),
(3504, 7248, 4, 12, 987),
(3505, 6675, 4, 3, 988),
(3506, 4119, 2, 12, 988),
(3507, 8786, 2, 12, 988),
(3508, 2549, 1, 12, 989),
(3509, 4869, 3, 3, 989),
(3510, 3536, 4, 4, 990),
(3511, 2676, 6, 14, 990),
(3512, 7815, 3, 14, 991),
(3513, 3105, 2, 4, 991),
(3514, 3427, 5, 14, 991),
(3515, 6966, 3, 4, 992),
(3516, 3728, 4, 4, 992),
(3517, 4235, 7, 4, 992),
(3518, 9221, 4, 3, 992),
(3519, 7315, 7, 3, 993),
(3520, 6264, 4, 14, 993),
(3521, 9213, 3, 12, 993),
(3522, 8606, 4, 3, 993),
(3523, 7093, 6, 4, 994),
(3524, 3559, 3, 14, 994),
(3525, 2604, 5, 4, 994),
(3526, 2991, 7, 14, 994),
(3527, 6336, 8, 12, 994),
(3528, 8841, 2, 12, 995),
(3529, 6178, 7, 12, 995),
(3530, 8342, 1, 3, 995),
(3531, 9107, 3, 4, 996),
(3532, 7194, 2, 3, 996),
(3533, 4516, 5, 3, 996),
(3534, 9768, 1, 4, 997),
(3535, 5129, 5, 3, 997),
(3536, 7093, 6, 4, 997),
(3537, 5805, 4, 12, 998),
(3538, 2526, 7, 3, 998),
(3539, 8426, 2, 4, 998),
(3540, 5638, 3, 3, 999),
(3541, 8088, 4, 14, 999),
(3542, 4168, 5, 4, 999),
(3543, 7833, 6, 4, 1000),
(3544, 5509, 3, 14, 1000),
(3545, 3724, 1, 12, 1000),
(3546, 6947, 1, 12, 1000);

--
-- Contraintes pour les tables déchargées
--

--
-- Contraintes pour la table `commandes`
--
ALTER TABLE `commandes`
  ADD CONSTRAINT `commandes_ibfk_1` FOREIGN KEY (`client_id`) REFERENCES `clients` (`id`),
  ADD CONSTRAINT `commandes_ibfk_2` FOREIGN KEY (`livreur_id`) REFERENCES `livreurs` (`id`);

--
-- Contraintes pour la table `favorie_items`
--
ALTER TABLE `favorie_items`
  ADD CONSTRAINT `favorie_items_ibfk_1` FOREIGN KEY (`favorie_id`) REFERENCES `favories` (`id`),
  ADD CONSTRAINT `favorie_items_ibfk_2` FOREIGN KEY (`produit_id`) REFERENCES `produits` (`id`);

--
-- Contraintes pour la table `panier_items`
--
ALTER TABLE `panier_items`
  ADD CONSTRAINT `panier_items_ibfk_1` FOREIGN KEY (`panier_id`) REFERENCES `paniers` (`id`),
  ADD CONSTRAINT `panier_items_ibfk_2` FOREIGN KEY (`produit_id`) REFERENCES `produits` (`id`);

--
-- Contraintes pour la table `produits`
--
ALTER TABLE `produits`
  ADD CONSTRAINT `produits_ibfk_1` FOREIGN KEY (`categorie_id`) REFERENCES `categories` (`id`) ON DELETE NO ACTION ON UPDATE NO ACTION;

--
-- Contraintes pour la table `produits_commandes`
--
ALTER TABLE `produits_commandes`
  ADD CONSTRAINT `produits_commandes_ibfk_1` FOREIGN KEY (`commande_id`) REFERENCES `commandes` (`id`) ON DELETE CASCADE ON UPDATE CASCADE,
  ADD CONSTRAINT `produits_commandes_ibfk_2` FOREIGN KEY (`produit_id`) REFERENCES `produits` (`id`);
COMMIT;

/*!40101 SET CHARACTER_SET_CLIENT=@OLD_CHARACTER_SET_CLIENT */;
/*!40101 SET CHARACTER_SET_RESULTS=@OLD_CHARACTER_SET_RESULTS */;
/*!40101 SET COLLATION_CONNECTION=@OLD_COLLATION_CONNECTION */;
